brand,name,price,rating,ingredients
Garnier,Green Labs Canna-B Pore Perfecting Serum Cream Fragrance Free SPF 30,"Sale Price
$15.39
Original Price
$21.99",4.5,"Active: Avobenzone 3%, Homosalate 5%, Octisalate 5%, Octocrylene 7.20%. Inactive: Water, Glycerin, Dimethicone, Silica, Niacinamide, Cannabis Sativa Seed Oil, Peg-100 Stearate, Glyceryl Stearate, Dicaprylyl Carbonate, Tocopherol, Sodium Hydroxide, Stearic Acid, Phenoxyethanol, Steareth-100, Palmitic Acid, Ammonium Polyacryloyldimethyl Taurate, Dimethicone/Vinyl Dimethicone Crosspolymer, Xanthan Gum, Capryloyl Salicylic Acid, Caprylyl Glycol, Myristic Acid, Disodium Edta F.I.L. D256485/3."
Formula 10.0.6,Picture Perfect Day Moisturizer SPF 15,"Sale Price
$5.24
Original Price
$7.49",3.8,"Active: Avobenzone 2.0%, Octocrylene 6.0%, Salicylate 3.0%. Inactive: Water (Aqua), Glycerin, Dimethicone, Ceteth-20, Triacontanyl Pvp, Sorbitan Stearate, Phenoxyethanol, Sodium Hydroxide, Carbomer, Caprylyl Glycol, Fragrance, Sodium Pca, Ethylhexylglycerin, Chamomilla Recutita (Matricaria) Flower Extract, Psidium Guajava Fruit Extract, Ascorbyl Palmitate, Disodium Edta. R06-18."
Elizabeth Arden,Eight Hour Cream Skin Protectant Fragrance Free,Online Only,4.5,"Petrolatum, Lanolin, Mineral Oil / Paraffinum Liquidum / Huile Minerale, Acacia Decurrens Extract, Dipteryx Odorata Bean Extract, Vanillin, Tocopherol, Tocopheryl Acetate, Bht, Salicylic Acid, Ricinus Communis (castor) Seed Oil, Vegetable Oil / Olus / Huile Vegetale, Zea Mays (Corn) Oil, Benzyl Alcohol."
Aveeno,Ultra-Calming Daily Moisturizer SPF 30,"Sale Price
$15.99
Original Price
$19.99",4.2,"Active: Titanium Oxide (4.3%), Zinc Oxide (3%). Inactive: Water, C12-15 Alkyl Benzoate, Cyclopentasiloxane, Glycerin, Styrene/acrylates Copolymer, Isopropyl Myristate, Cetyl Dimethicone, Octyldodecyl Neopentanoate, Glyceryl Behenate, PEG-100 Stearate, Glyceryl Stearate, Benzyl Alcohol, Aluminum Stearate, Arachidyl Alcohol, Ethylhexylglycerin, Polyhydroxystearic Acid, Caprylyl Glycol, Behenyl Alcohol, Alumina, Hydroxyethyl Acrylate/sodium Acryloyldimethyl Taurate Copolymer, Xantham Gum, Citric Acid, Methyldihydrojasmonate, Squalane, Arachidyl Glucoside, Dimethicone, Chlorphenesin, Triethoxycaprylylsilane, Dipropylene Glycol Dibenzoate, Chrysanthemum Parthenium (feverfew) Flower/leaf/steam Juice, PPG-15 Stearyl Ether Benzoate, Acrylates/dimethicone Copolymer, Sodium Citrate, Polysorbate 60, Alpha-isomethyl Ionone (and) Methyl Ionones, Ceramide Np, Avena Sativa (oat) Kernel Extract."
Botanics,Simply Calm Hydrating Face Cream,"Sale Price
$12.59
Original Price
$17.99",4.5,"Aqua (Water), Glycerin, Ethylhexyl Palmitate, Butyrospermum Parkii (Shea) Butter, Polyglyceryl-6 Distearate, Cannabis Sativa Seed Oil, Cetyl Alcohol, Caprylic/Capric Triglyceride, Stearic Acid, Phenoxyethanol, Vitis Vinifera (Grape) Seed Oil, Panthenol, Carbomer, Sodium Stearoyl Glutamate, Caprylyl Glycol, Sodium Hyaluronate, Aloe Barbadensis Leaf Juice, Xanthan Gum, Ethylhexylglycerin, Potassium Hydroxide, Sodium Phytate, Citrullus Lanatus (Watermelon) Seed Oil, Hexylene Glycol, Tocopherol, Tetrahexyldecyl Ascorbate, Limonene, Helianthus Annuus (Sunflower) Seed Oil, Lavandula Angustifolia (Lavender) Oil, Cucumis Sativus (Cucumber) Fruit Extract, Theobroma Cacao (Cocoa) Extract, Citrus Nobilis (Mandarin Orange) Peel Oil, Rosmarinus Officinalis (Rosemary) Flower/Leaf/Stem Oil, Linalool."
Formula 10.0.6,Hold Tight Vitamin B Smoothing Daily Primer,"Price
$15.00",4.7,"Cyclopentasiloxane, Dimethicone Crosspolymer, Cyclohexasiloxane, Dimethicone, Panthenol, Silica, Tocopherol, Glycine Soja (Soybean) Oil, Carthamus Tinctorius (Safflower) Seed Oil, Chamomilla Recutita (Matricaria) Flower Extract, Aloe Barbadensis Leaf Juice, Glycyrrhiza Glabra (Licorice) Root Extract, Ascorbic Acid, Glycerin, Water, Phenoxyethanol, Potassium Sorbate."
Clinique,Dramatically Different Hydrating Clearing Jelly,"Price
$16.00",4.4,"Water\Aqua\Eau, Propanediol, Glycerin, Butylene Glycol, Bis-Peg-18 Methyl Ether Dimethyl Silane, Sodium Hyaluronate, Laminaria Saccharina Extract, Pyrus Malus (Apple) Fruit Extract, Caffeine, Lactic Acid, Zinc Pca, Acetyl Glucosamine, Trehalose, Hydroxyacetophenone, Salicylic Acid, Ursolic Acid, Lactobacillus Ferment, Polysorbate 80, Carbomer, Xanthan Gum, Sodium Hydroxide, Disodium Edta, Sodium Citrate, Phenoxyethanol, Blue 1 (CI 42090).

Please be aware that ingredient lists may change or vary from time to time. Please refer to the ingredient list on the product package you receive for the most up-to-date list of ingredients."
belif,Hungarian Water Essence,"Price
$42.00",4.4,"Water, Dipropylene Glycol, Glycerin, 1,2-Hexanediol, Rosmarinus Officinalis (Rosemary) Extract, Centella Asiatica Extract, Lavandula Angustifolia (Lavender) Extract, Salvia Officinalis(Sage) Leaf Extract, Melissa Officinalis Leaf Extract, Achillea Millefolium Extract, Peucedanum Graveolens (Dill) Extract, Alchemilla Vulgaris Extract, Rose Extract, Poncirus Trifoliata Fruit Extract, Portulaca Oleracea Extract, *Avena Sativa (Oat) Kernel Extract, *Calendula Officinalis Flower Extract, *Nepeta Cataria Extract, *Rubus Idaeus (Raspberry) Leaf Extract, *Baptisia Tinctoria Root Extract, *Stellaria Media (Chickweed) Extract, +Alchemilla Vulgaris Leaf Extract, **Equisetum Arvense Leaf Extract, **Urtica Dioica (Nettle) Leaf Extract, **Plantago Lanceolata Leaf Extract, Sodium Hyaluronate, Cyclopentasiloxane, Triethylhexanoin, Tromethamine, Sclerotium Gum, Ammonium Acryloyldimethltaurate/Vp Copolymer, Acrylates/C10-30 Alkyl Acrylate Crosspolymer, Trisodium EDTA, ***Fragrance, Citronnellol, Limonene.

*Napiers Original Formula
**Napiers Aqua Formula
***Fragrances of Natural Origin"
My Clarins,RE-BOOST Refreshing Hydrating Cream,"Price
$26.00",4.5,"Aqua/Water/Eau, Caprylic/Capric Triglyceride, Glycerin, Propanediol, Cetearyl Alcohol, Butyrospermum Parkii (Shea) Butter, Cocos Nucifera (Coconut) Fruit Juice, Glyceryl Stearate, Peg-100 Stearate, Phenoxyethanol, Cellulose, Cetearyl Glucoside, Sodium Polyacrylate, Sodium Polyacrylate Starch, Propylene Glycol, Boron Nitride, Xylitylglucoside, Butylene Glycol, Caprylyl Glycol, Parfum/Fragrance, Anhydroxylitol, Ethylhexylglycerin, Xylitol, Bisabolol, Disodium Edta, Tartaric Acid, Tocopherol, Glucose, Tamarindus Indica Extract, Marrubium Vulgare Extract, Peg-8 Methyl Ether Dimethicone, Lycium Barbarum Fruit Extract, Citric Acid, Ficus Carica (Fig) Fruit Extract, Malpighia Emarginata (Acerola) Seed Extract, Furcellaria Lumbricalis Extract, Sodium Benzoate, Rhododendron Ferrugineum Extract, Potassium Sorbate, Sorbic Acid, Lapsana Communis Flower/Leaf/Stem Extract, Maris Sal/Sea Salt/Sel Marin, Ci 14700/Red 4, [V3147a]."
Neutrogena,Travel Size Rapid Wrinkle Repair Regenerating Cream,"Sale Price
$11.19
Original Price
$13.99",4.3,
Dermalogica,Travel Size Intensive Moisture Balance,"Price
$16.50",4.5,"Water, Ethylhexyl Hydroxystearate, Butylene Glycol, Cetearyl Ethylhexanoate, Cetyl Caprylate, Stearic Acid, PEG-8, Octyldodecanol, Dimethicone, Glyceryl Stearate SE, PEG-100 Stearate, Sodium Hyaluronate, Hydrolyzed Sodium Hyaluronate, Sodium Ascorbyl Phosphate, Chlorella Vulgaris Extract, Ceramide NP, Phytosterols, Centella Asiatica Extract, Linoleic Acid, Echinacea Purpurea Extract, Aloe Barbadensis Extract, Palmitic Acid, Myristic Acid, Rosa Centifolia Flotheyr Extract, Lactic Acid, Linolenic Acid, Propanediol, Tocopherol, Potassium Cetyl Phosphate, Helianthus Annuus (Sunflotheyr) Seed Oil, TetrasodiumGlutamate Diacetate, Ethylhexylglycerin, Cetyl Alcohol, Carbomer, Hydroxystearic Acid, Aminomethyl Propanol, Sodium Hydroxide, Phenoxyethanol.

Dermalogica is dedicated to maintaining the accuracy of the ingredient lists on this theybsite. Hotheyver, because ingredients are subject to change, they cannot guarantee that these lists are complete, up-to-date and/or error-free. For an accurate listing of ingredients in each product, please refer to your product packaging."
Peter Thomas Roth,Hungarian Thermal Water Mineral-Rich Moisturizer,"Price
$58.00",4,"Water/Aqua/Eau, Dimethicone, Peg/Ppg-18/18 Dimethicone, Cetyl Alcohol, Glyceryl Stearate, PEG-100 Stearate, Cholesterol, C12-15 Alkyl Benzoate, Lauryl PEG-9 Polydimethylsiloxyethyl Dimethicone, Ceramide NP, Retinyl Palmitate, Tocopheryl Acetate, Ascorbyl Palmitate, Glycerin, Adenosine, Honey (Mel), Diamond Powder, Phospholipids, Trehalose, Helianthus Annuus (Sunflower) Seed Oil, Linum Usitatissimum (Linseed) Seed Oil, Oenothera Biennis (Evening Primrose) Oil, Prunus Armeniaca (Apricot) Kernel Oil, Prunus Persica (Peach) Kernel Oil, Hippophae Rhamnoides Oil, Rosmarinus Officinalis (Rosemary) Leaf Extract, Paeonia Lactiflora Root Extract, Fagus Sylvatica Bud Extract, Saccharomyces/Magnesium Ferment, Leuconostoc/Radish Root Ferment Filtrate, Saccharomyces/Iron Ferment, Saccharomyces/Copper Ferment, Saccharomyces/Silicon Ferment, Saccharomyces/Zinc Ferment, Lecithin, Sodium PCA, Sodium Hydroxide, Polysilicone-11, Polymethylsilsesquioxane, Mica, Decyl Glucoside, Ethoxydiglycol, Carbomer, Disodium EDTA, Butylene Glycol, Propylene Glycol, Hexylene Glycol, Caprylyl Glycol, Benzoic Acid, Benzyl Alcohol, Sodium Benzoate, Potassium Sorbate, Phenoxyethanol."
Tarte,Double Duty Beauty First Step Prep Moisture Reset Cream,Only at Ulta Beauty,4.6,"Water/Aqua/Eau, Octyldodecyl Neopentanoate, Caprylic/Capric Triglyceride, Cetearyl Methicone, Dimethicone, Glycerin, Pyrus Malus (Apple) Fruit Extract, Hydrogenated Ethylhexyl Olivate, Butylene Glycol, Cetearyl Alcohol, Polysorbate 20, Polyglyceryl-2 Stearate, Phenoxyethanol, Ammonium Acryloyldimethyltaurate/VP Copolymer, Avena Sativa (Oat) Bran Extract, Caprylyl Glycol, Octyldodecanol, Carbomer, Citrus Aurantium Dulcis (Orange) Peel Oil, Hydrogenated Olive Oil Unsaponifiables, Limonene, Disodium EDTA, Citrus Aurantium Dulcis (Orange) Peel Extract, Hexylene Glycol, Sodium Hydroxide, Helianthus Annuus (Sunflower) Seed Oil, Vitex Agnus Castus Extract."
cocokind,Texture Smoothing Cream,Online Only,4.3,"Water, Cucumis Sativus (Cucumber) Fruit Water, Squalane, Caprylic/Capric Triglyceride, Helianthus Annuus (Sunflower) Seed Oil*, Cetyl Alcohol, Glyceryl Stearate, Butyrospermum Parkii (Shea) Butter, Apium Graveolens (Celery) Seed Extract, Arginine, Camellia Japonica Seed Oil***, Glycerin, Lecithin, Linum Usitatissimum (Linseed) Seed Extract**, Panax Ginseng Root Extract, Pullulan, Sclerotium Gum, Sodium Phytate, Sorbitan Trioleate, Stearic Acid, Xanthan Gum, Caprylhydroxamic Acid, Ethylhexylglycerin, Glyceryl Caprylate, Tanacetum Vulgare Extract, Mentha Piperita (Peppermint) Extract, Cucumis Sativus (Cucumber) Fruit Extract.

*Certified Organic
**Flax Extract
***Tsubaki Seed Oil"
L'Oréal,Revitalift Anti-Wrinkle + Firming Face & Neck Cream,"Sale Price
$14.39
Original Price
$17.99",4.1,"Aqua / Water, Cyclohexasiloxane, Glycerin, Paraffinum Liquidum / Mineral Oil, Propanediol, Myristyl Myristate, Shorea Robusta Seed Butter, Stearic Acid, Palmitic Acid, Peg-100 Stearate, Cera Alba / Beeswax, Glyceryl Stearate, Peg-20 Stearate, Acrylamide/Sodium Acryloyldimethyltaurate Copolymer, Cetyl Alcohol, Phenoxyethanol, Stearyl Alcohol, Hydrolyzed Soy Protein, Isohexadecane, Caprylyl Glycol, Glycine Soja Protein / Soybean Protein, Parfum / Fragrance, Acrylonitrile/Methyl Methacrylate/Vinylidene Chloride Copolymer, Triethanolamine, Polysorbate 80, Retinyl Palmitate, Pentaerythrityl Tetra-Di-T-Butyl Hydroxyhydrocinnamate, Acetyl Trifluoromethylphenyl Valylglycine, Myristic Acid, Pentylene, Glycol, Sorbitan Oleate, Sodium Cocoyl Glutamate, Faex Extract / Yeast Extract, Ethylhexylglycerin, Sodium Benzoate, Isobutane, Phenethyl Alcohol, Benzyl Salicylate, Benzyl Alcohol, Potassium Sorbate, Benzyl Benzoate, Centella Asiatica Extract, Linalool, Hexyl Cinnamal, Citronellol, Limonene, Geraniol, Alpha-Isomethyl Ionone, Salicyloyl Phytosphingosine, Tocopherol."
Pacifica,Cosmic Hemp CBD Everything Balm,Only at Ulta Beauty,4.7,"Cocos Nucifera (Coconut) Oil, Helianthus Annuus (Sunflower) Seed Oil, Polyhydroxystearic Acid, Vitis Vinifera (Grape) Seed Oil, Theobroma Cacao (Cocoa) Seed Butter, Euphorbia Cerifera (Candelilla) Wax, Butyrospermum Parkii (Shea) Butter, Jojoba Esters, Cannabis Sativa (Hemp) Seed Oil, Parfum*, Tapioca Starch, Trihydroxystearin, Cannabidiol, Tocopherol (Vitamin E), Moringa Oleifera Seed Oil, Melia Azadirachta Leaf Extract, Melia Azadirachta Flower Extract, Amber Powder, Coccinia Indica Fruit Extract, Ocimum Sanctum Leaf Extract, Solanum Melongena (Eggplant) Fruit Extract, Curcuma Longa (Turmeric) Root Extract, Corallina Officinalis Extract.

*Scent blend with natural and/or essential oils"
Follain,Moisturizer: Replenish + Protect,"Price
$32.00",4.8,"Water/Aqua/Eau, Glycerin, Aloe Barbadensis Leaf Juice, Rosa Damascena Flower Water, Simmondsia Chinensis (Jojoba) Seed Oil, Caprylic/Capric Triglyceride, Cetearyl Olivate, Pentylene Glycol, Dicaprylyl Ether, Butyrospermum Parkii (Shea) Butter, Glyceryl Stearate, Hydrogenated Vegetable Glycerides, Sorbitan Olivate, Cocos Nucifera (Coconut) Oil, Theobroma Cacao (Cocoa) Seed Butter, Palmitoyl Tripeptide-38, Bakuchiol, Sodium Hyaluronate, Moringa Oleifera Seed Oil, Rosa Canina Fruit Oil, Moringa Oleifera Leaf Extract, Squalane, Macrocystis Pyrifera (Kelp) Extract, Citrus Limon (Lemon) Peel Extract, Candelilla Cera/Euphorbia Cerifera (Candelilla) Wax/Cire De Candelilla, Glyceryl Caprylate, Xanthan Gum, Sodium Hydroxide, Citric Acid, Caprylhydroxamic Acid, Olive Oil Decyl Esters, Hydroxypropyl Cyclodextrin, Tocopherol, Potassium Sorbate, Sodium Benzoate."
Mario Badescu,Oil Free Moisturizer SPF 17,"Price
$24.00",4.2,"Active: Avobenzone 2%, Octinoxate 7.5%, Oxybenzone 5%.

Inactive: Aqua (Water, Eau), Stearic Acid, Cetyl Alcohol, Ethylhexyl Methoxycrylene, Glyceryl Stearate SE, Myristyl Lactate, Myristyl Alcohol, Carbomer, Sodium Hydroxide, Phenoxyethanol, Caprylyl Glycol, Hexylene Glycol."
Clinique,Clinique Smart Clinical MD Multi-Dimensional Age Transformer Revolumize,"Price
$69.00",4.5,"Water\Aqua\Eau, Butylene Glycol, Butyrospermum Parkii (Shea Butter), Cetearyl Alcohol, Hydrogenated Polyisobutene, Phenyl Trimethicone, Sucrose, Glycerin, Polyglyceryl-3 Beeswax, Cetyl Esters, Isostearyl Neopentanoate, Peg-100 Stearate, Hdi/Trimethylol Hexyllactone Crosspolymer, Cetearyl Glucoside, Acetyl Glucosamine, Sigesbeckia Orientalis (St. Paul'S Wort) Extract, Yeast Extract\Faex\Extrait De Levure, Methyl Glucose Sesquistearate, Centaurium Erythraea (Centaury) Extract, Micrococcus Lysate, Polysilicone-11, Acetyl Octapeptide-3, Acetyl Hexapeptide-8, Ergothioneine, Biotin, Whey Protein\Lactis Protein\Protéine Du Petit-Lait, Ursolic Acid, Dipeptide Diaminobutyroyl Benzylamide Diacetate, Glycine Soja (Soybean) Protein, Tocopheryl Acetate, Camellia Sinensis Leaf Extract, Isoleucine, Saccharomyces Ferment Filtrate, Leucine, Soy Amino Acids, Carbomer, Polymethyl Methacrylate, Hydroxyethyl Urea, Caffeine, Caprylyl Glycol, Pyrus Malus (Apple) Fruit Extract, Polybutene, Hydrolyzed Soy Protein, Dimethicone, Sodium Hyaluronate, Linoleic Acid, Stearic Acid, Aminomethyl Propanol, Adenosine Phosphate, Acetyl Carnitine Hcl, Creatine, Menthanediol, Lecithin, Aminopropyl Ascorbyl Phosphate, Silica, 1,2-Hexanediol, Calcium Chloride, Hydroxyethylcellulose, Sodium Citrate, Citric Acid, Disodium Edta, Potassium Sorbate, Bht, Sodium Benzoate, Sodium Dehydroacetate, Phenoxyethanol, Ext. Violet 2 (CI 60730), Red 33 (CI 17200)."
PEACH & LILY,Travel Size Glass Skin Water-Gel Moisturizer,Only at Ulta Beauty,NA,"Water (Aqua), Glycerin, Propanediol, 1,2-Hexanediol, Calendula Officinalis Flower Water, Sodium Hyaluronate, Hydrolyzed Hyaluronic Acid, Actinidia Chinensis (Kiwi) Fruit Extract, Prunus Persica (Peach) Fruit Extract, Anthemis Nobilis (Chamomile) Flower Water, Bambusa Textilis (Bamboo) Stem Extract, Arctium Lappa (Burdock) Root Extract, Morus Alba (Mulberry) Leaf Extract, Morus Alba Fruit Extract, Leuconostoc/Radish Root Ferment Filtrate, Apium Graveolens (Celery) Extract, Lactobacillus Ferment, Beta-Glucan, Fructooligosaccharides, Glycyrrhiza Glabra (Licorice) Root Extract, Sodium Acetylated Hyaluronate, Myrciaria Dubia Fruit Extract, Ganoderma Lucidum (Mushroom) Extract, Butylene Glycol, Melia Azadirachta Leaf Extract, Melia Azadirachta Flower Extract, Adenosine, Trisodium Ethylenediamine Disuccinate, Carbomer, Ethylhexylglycerin, Morus Alba Twig Extract, Morus Alba Bark Extract, Tromethamine, Xylose, Tocopherol."
Kiehl's Since 1851,Super Multi Corrective Cream SPF 30,"Price
$68.00",3.6,"Aqua/Water, Glycerin, Dicaprylyl Ether, Butyrospermum Parkii Butter/Shea Butter, Hydroxypropyl Tetrahydropyrantriol, Isononyl Isononanoate, Isopropyl Isostearate, Propylene Glycol, Sodium Tetrahydrojasmonate, Cetyl Alcohol, Dimethicone, Behenyl Alcohol, Dipropylene Glycol, Stearic Acid, Glyceryl Stearate, Palmitic Acid, Phenoxyethanol, Cetearyl Alcohol, Carbomer, Arachidyl Alcohol, Caprylyl Glycol, Peg-100 Stearate, Xanthan Gum, Sodium Hydroxide, Cetearyl Glucoside, Stearyl Alcohol, Hydrolyzed Hyaluronic Acid, Disodium Edta, Rosmarinus Officinalis Leaf Oil/Rosemary Leaf Oil, Adenosine, Limonene, Pelargonium Graveolens Flower Oil, Lavandula Hybrida Oil, Cucumis Sativus Fruit Extract/Cucumber Fruit Extract, Curcuma Longa Extract/Turmeric Root Extract, Sclareolide, Rosa Spp/Rose Flower Oil, Jasminum Officinale Extract/ Jasmine Extract, Citric Acid"
Vichy,LiftActiv Retinol HA Anti-Wrinkle Concentrate Serum,Online Only,4.4,"Aqua /Water, Glycerin, Dicaprylyl Ether, Isopropyl Isostearate, Octyldodecanol, Sodium Tetrahydro Jasmonate, Glycine Soja Oil / Soybean Oil, Cetyl Alcohol, Propylene Glycol, Behenyl Alcohol, Peg-100 Stearate, Stearyl Alcohol, Carbomer, Arachidyl Alcohol, Cetearyl Alcohol, Cetearyl Glucoside, Retinol, Sodium Hyaluronate, Sodium Hydroxide, Phenoxyethanol, Adenosine, Ammonium Polyacryldimethyltauramide /Ammonium Polyacryloyldimethyl Taurate, Caprylyl Glycol, Parfum /Fragrance."
Andalou Naturals,DMAE Lift & Firm Cream,Online Only,4.7,"Aloe Barbadensis Leaf Juice*, Purified Water (aqua), Butyrospermum Parkii (shea) Butter***, Glyceryl Stearate, Argania Spinsosa (argan) Kernel Oil*, Simmondsia Chinensis (jojoba) Seed Oil*, Fruit Stem Cells (malus Domestica, Solar Vitis) And Bioactive Berry Complex*, Dimethylaminoethanol (dmae), Sodium Hyaluronate, Tocopherol, Resveratrol, Ubiquinone (coq10), Helianthus Annuus (sunflower) Seed Oil*, Panthenol, Allantoin, Magnesium Ascorbyl Phosphate (vitamin C), Bisabolol, Riboflavin, Borago Officinalis (borage) Seed Oil*, Oenothera Biennis (evening Primrose) Oil*, Camellia Sinensis (white Tea) Leaf Extract***, Hibiscus Sabdariffa Flower Extract***, Phenethyl Alcohol, Ethylhexylglycerin, Raspberry Isolates, Vanilla Isolates, Citrus Aurantium Dulcis (orange) Peel Oil*.

*certified Organic Ingredients **fair Trade Ingredients"
Clinique,Travel Size Moisture Surge Hydrating Supercharged Concentrate,"Price
$14.00",4.5,"Water\Aqua\Eau, Glycerin, Butylene Glycol, Phenyl Trimethicone, Propanediol, Sucrose, Hydroxyethyl Urea, Alteromonas Ferment Extract, Hydrolyzed Rice Extract, Acetyl Glucosamine, Trehalose, Algae Extract, Caffeine, Cholesterol, Aloe Barbadensis Leaf Water, Sodium Hyaluronate, Pentaerythrityl Tetraethylhexanoate, Dextrin Palmitate, Acrylates/C10-30 Alkyl Acrylate Crosspolymer, Sorbitol, Sodium Polyaspartate, Tocopheryl Acetate, Carbomer, Dehydroxanthan Gum, Citric Acid, Tetrahexyldecyl Ascorbate, Benzophenone-4, Pentaerythrityl Tetra-Di-T-Butyl Hydroxyhydrocinnamate, Sodium Hydroxide, Sodium Citrate, Disodium EDTA, BHT, Chlorphenesin, Phenoxyethanol, Red 4 (CI 14700), Yellow 5 (CI 19140).

Please be aware that ingredient lists may change or vary from time to time. Please refer to the ingredient list on the product package you receive for the most up to date list of ingredients."
Juice Beauty,Nutrient Moisturizer,"Price
$42.00",3.7,"Organic juices of vitis vinifera (Organic White Grape Juice)*, Aloe Barbadensis (Organic Aloe Juice)*, Butyrospermum Parkii (Organic Shea Butter)*, Vegetable Glycerin, Vitis Vinifera (Grape Seed Oil), Cetearyl Alcohol, Cetearyl Glucoside, Gluconolactone, Organic Plant Oils Of Simmondsia Chinensis (Organic Jojoba Seed Oil)*, Oenothera Biennis (Organic Evening Primrose Oil)*, Linum Usitatissimum (Organic Linseed Oil)*, Borago Officinalis (Organic Borage Seed Oil)*, Limnanthes Alba (Meadowfoam Seed Oil), Sodium Benzoate, Xanthan Gum, Tocopherol (Vitamin E), Sorbitan Stearte, Stearyl & Benzyl Alcohol, Panthenol (Vitamin B5), Magnesium Ascorbyl Phosphate (Vitamin C), Beta Carotene, Sodium Hyaluronate (Vegetable Hyaluronic Acid), Botanical Extracts Of Calendula Officinalis (Marigold Flower Extract), Chamomilla Recutita (Chamomile Leaf Extract), Tilia Cordata (Linden Leaf Extract), Algae Extract, Sodium Hydroxide, Potassium Sorbate, Copernicia Cerifera (Carnauba Wax), Litsea Cubeba (May Chang), Cananga Odorata (Ylang Ylang), Boswellia Carterii (Frankincense) And Commiphora Myrrha (Myrrh) Pure Essential Oils.

*Certified Organic Ingredient"
Perricone MD,Hypoallergenic CBD Sensitive Skin Therapy Nourishing & Calming Moisturizer,"Price
$75.00",4.6,"This item is not eligible for coupon discounts. See
Opens in a new window
ulta.com/coupons for details."
Clinique,Even Better Skin Tone Correcting Lotion SPF 20,"Price
$53.00",3.3,"Active: Octisalate 5.00%, Avobenzone 3.00%, Octocrylene 2.70%.

Inactive: Water / Aqua / Eau, Dimethicone, Yeast Extract / Faex / Extrait De Levure, Butyloctyl Salicylate, PEG-100 Stearate, Trisiloxane, Butylene Glycol, HDI / Trimethylol Hexyllactone Crosspolymer, Ascorbyl Glucoside, Coco-Caprylate / Caprate, Polyethylene, Glyceryl Stearate, PEG-6, Glycerin, Olea Europaea (Olive) Fruit Extract, Citrus Grandis (Grapefruit) Peel Extract, Triticum Vulgare (Wheat Bran) Extract, Laminaria Saccharina Extract, Trametes Versicolor Extract, Cucumis Sativus (Cucumber) Fruit Extract, Pyrus Malus (Apple) Fruit Extract, Scutellaria Baicalensis Root Extract, Punica Granatum (Pomegranate) Fruit Juice, Oryza Sativa (Rice) Bran Extract, Salicylic Acid, Caffeine, Linoleic Acid, Cholesterol, Acetyl Glucosamine, Sodium Rna, Dipotassium Glycyrrhizate, Steareth-21, Sucrose, Tromethamine, Di-C12-18 Alkyl Dimonium Chloride, Sodium Hyaluronate, Cetyl Alcohol, Ammonium Acryloyldimethyltaurate / VP Copolymer, Lauryl PEG-9 Polydimethylsiloxyethyl Dimethicone, Caprylyl Glycol, Dimethiconol, Trehalose, Tocopheryl Acetate, Hexylene Glycol, Silica, Sodium Hydroxide, Xanthan Gum, Disodium EDTA, Phenoxyethanol.

Please be aware that ingredient lists may change or vary from time to time. Please refer to the ingredient list on the product package you receive for the most up to date list of ingredients."
Dermalogica,Power Rich,"Price
$190.00",4.5,"Water/Aqua/Eau, Cyclopentasiloxane, Methylheptyl Isostearate, Diglycerin, Dimethicone, Cetyl Alcohol, Aleurites Moluccana Seed Oil, Prunus Armeniaca (Apricot) Kernel Oil, Glyceryl Stearate, PEG-100 Stearat, Isohexadecane, Dimethicone Crosspolymer, Allantoin, Rosa Centifolia Flower Extract, Dimethiconol, Tocopheryl Acetate, Urea, Glucosamine HCl, Algae Extract, Yeast Extract, Palmitoyl Pentapeptide-4, Arginine/Lysine Polypeptide, Glycerin, Butylene Glycol, Glycine Soja (Soybean) Protein, Oryza Sativa (Rice) Bran Extract, Glycyrrhiza Glabra (Licorice) Root Extract, Hydrolyzed Soy Protein, Panthenol, Bisabolol, Polyquaternium-37,Retinyl Palmitate,Sodium Ascorbyl Phosphate,Camellia Sinensis Leaf Extract,Corallina Officinalis Extract,Macrocystis Pyrifera Extract,Hydrolyzed Wheat Protein,PVP,Oleth-20,Carbomer, Polysorbate 20, Benzyl Alcohol,Phenoxyethanol, Limonene, Jasminum Officinale (Jasmine) Oil, Citrus Grandis (Grapefruit) Peel Oil, Zingiber Officinale (Ginger) Root Oil."
TONYMOLY,Panda's Dream Rose Hyaluronic Face Cream,"Sale Price
$12.95
Original Price
$18.50",4.5,"Water, Butylene Glycol, Dipropylene Glycol, Dimethicone, Cyclopentasiloxane, Polyglyceryl-3, Methylglucose, Distearate, Dimethicone/Vinyl, Dimethicone, Crosspolymer, Cyclohexasiloxane, Cetearyl Alcohol, Ammonium, Acryloyldimethyltaurate/VP Copolymer, Phenoxyethanol, Polyglyceryl-2 Stearate, Glyceryl Stearate, Stearyl Alcohol, Ethylhexylglycerin, Hydroxyethyl Acrylate/Sodium, Acryloyldimethyl Taurate, Copolymer, Xanthan Gum, Fragrance, Disodium EDTA, 1,2-Hexanediol, Sodium Hyaluronate, Cyanocobalamin, Rose Extract, Rubus Idaeus (Raspberry) Fruit Extract, Vaccinium Myrtillus Fruit Extract, Rosa Canina Fruit Extract, Rosa Damascena Flower Water, Hibiscus Sabdariffa Flower Extract,Phyllanthus Emblica Extract."
Mario Badescu,Cellufirm Moisturizer,"Price
$18.00",4.4,"Aqua (Water, Eau), Propylene Glycol, Paraffinum Liquidum (Mineral Oil, Huile Minérale), Isopropyl Myristate, Squalane, Stearic Acid, Cetyl Esters, Myristyl Lactate, Oligopeptide-5, Tocopherol, Pollen Extract, Collagen, Hydrolyzed Glycosaminoglycans, Myristyl Alcohol, Fucus Vesiculosus Extract, Glycine Soja (Soybean) Seed Extract, Olea Europaea (Olive) Fruit Extract, Triticum Vulgare (Wheat) Germ Extract, Carrageenan, Dimethicone, Sodium Chloride, Phenoxyethanol, Methylparaben, Propylparaben, Sodium Borate, Diazolidinyl Urea, Triethanolamine, CI 19140 (Yellow 5), CI 42090 (Blue 1), CI 15985 (Yellow 6)."
LOLI Beauty,Chia Carrot Brûlée Organic Revitalizing All-Over Balm,Online Only,5,"Salvia Hispanica (Chia) Seed Oil*, Garcinia Indica (Kokum) Seed Butter*, Daucus Carota Sativa (Carrot) Seed Oil*, Hippophae Rhamnoides (Sea Buckthorn) Fruit Oil*, Euphorbia Cerifera (Candellila) Cera****, Coriandrum Sativum (Coriander) Seed Oil*, Tocopherol (Vitamin E)***, Helianthus Annuus (Sunflower) Seed Oil***, Rosmarinus Officinalis (Rosemary) Leaf Extract**, Linalool*****, Limonene*****, Geraniol*****. (*) organic, food grade (**) organic (***) food grade (****) natural, plant derived (*****) Natural constituent of oils listed. 95%+ certified organic ingredients. Natural, plant waxes and vitamin E cannot be ''certified organic''."
Clinique,Travel Size Dramatically Different Hydrating Jelly,"Price
$5.50",4.3,"Water\Aqua\Eau Water\Aqua\Eau, Bis-PEG-18 Methyl Ether Dimethyl Silane, Butylene Glycol, Glycerin, Cucumis Sativus (Cucumber) Fruit Extract, Hypnea Musciformis (Algae) Extract, Gelidiella Acerosa Extract, Hordeum Vulgare (Barley) Extract\Extrait D'orge, Padina Pavonica Thallus Extract, Helianthus Annuus (Sunflower) Seedcake, Sucrose, Caffeine, Sodium Hyaluronate, Hydroxyethyl Urea, Hydrolyzed Rice Extract, Sorbitol, Sodium Polyaspartate, PPG-6-Decyltetradeceth-30, Ethylhexylglycerin, Propylene Glycol Dicaprate, Caprylyl Glycol, Trehalose, Polysorbate 80, Carbomer, Sodium Hydroxide, Hexylene Glycol, Citric Acid, Sodium Citrate, Disodium EDTA, Phenoxyethanol, Bis-PEG-18 Methyl Ether Dimethyl Silane, Butylene Glycol, Glycerin, Cucumis Sativus (Cucumber) Fruit Extract, Hypnea Musciformis (Algae) Extract, Gelidiella Acerosa Extract, Hordeum Vulgare (Barley) Extract\Extrait D'orge, Padina Pavonica Thallus Extract, Helianthus Annuus (Sunflower) Seedcake, Sucrose, Caffeine, Sodium Hyaluronate, Hydroxyethyl Urea, Hydrolyzed Rice Extract, Sorbitol, Sodium Polyaspartate, PPG-6-Decyltetradeceth-30, Ethylhexylglycerin, Propylene Glycol Dicaprate, Caprylyl Glycol, Trehalose, Polysorbate 80, Carbomer, Sodium Hydroxide, Hexylene Glycol, Citric Acid, Sodium Citrate, Disodium EDTA, Phenoxyethanol."
Pixi,Rose Ceramide Cream,"Sale Price
$16.80
Original Price
$24.00",4.8,"Aqua/Water/Eau, Dipropylene Glycol, Glycerin, Dimethicone, Caprylic/Capric Triglyceride, Hydrogenated Poly (C6-14 Olefin), Hydrogenated Polydecene, Cetearyl Alcohol, PEG-20 Methyl Glucose Sesquistearate, Betaine, Hydroxyethyl Acrylate/Sodium Acryloyldimethyl Taurate Copolymer, Polysilicone-11, 1,2-Hexanediol, Cyclopentasiloxane, Glyceryl Stearate, PEG-100 Stearate, Caprylyl Glycol, Methyl Glucose Sesquistearate, Citrus Paradisi (Grapefruit) Peel Oil, Sorbitan Stearate, Butyrospermum Parkii (Shea) Butter, Octyldodecanol, Dimethiconol, Butylene Glycol, Bifida Ferment Lysate, Ceramide NP, Polysorbate 60, Sorbitan Isostearate, Xanthan Gum, Citrus Aurantium Bergamia (Bergamot) Fruit Oil, Hydrogenated Lecithin, Portulaca Oleracea Extract, Rosmarinus Officinali (Rosemary) Leaf Oil, Propanediol, Sucrose Cocoate, Dextrin, Disodium EDTA, Echium Plantagineum Seed Oil, Caramel, Centella Asiatica Extract, Lecithin, Phenoxyethanol, Rosa Damascena Flower Oil, Biosaccharide Gum-1, Cardiospermum Halicacabum Flower/Leaf/Vine Extract, Helianthus Annuus (Sunflower) Seed Oil Unsaponifiables, Polyglutamic Acid, Tagetes Minuta Flower Oil, Potassium Sorbate, Betula Alba Bud Extract, Corylus Avellana (Hazelnut) Bud Extract, Juglans Regia (Walnut) Leaf Extract, Olea Europaea (Olive) Bud Extract, Tocopherol."
Curél,Moisture Facial Milk,"Sale Price
$21.00
Original Price
$30.00",4.7,"Water/Aqua, Glycerin, Cetyl-PG Hydroxyethyl Palmitamide, Dimethicone, Neopentyl Glycol Dicaprate, Squalane, Polysorbate 60, Butylene Glycol, Sorbitan Stearate, Cholesterol, Cholesteryl Isostearate, Allantoin, Cetyl Alcohol, Sodium Methyl Stearoyl Taurate, Stearyl Alcohol, Succinic Acid, Bis-Methoxypropylamido Isodocosane, Eucalyptus Globulus Leaf Extract, Methylparaben."
Clinique,Clinique For Men Anti-Fatigue Hydrating Concentrate SPF 25,"Price
$46.00",4.3,"Active: Avobenzone 3.0%, Octisalate 5.0%
Inactive: Water\Aqua\Eau, Glycerin, Neopentyl Glycol Diheptanoate, Polyester-8, Dimethicone, Sorbitan Stearate, Butyloctyl Salicylate, Polysorbate 60, Butylene Glycol, Sodium Acrylates Copolymer, Niacinamide, Sodium Hyaluronate, Acetyl Carnitine Hcl, Creatine, Brassica Oleracea Gemmifera (Brussels Sprouts) Extract, Vaccinium Angustifolium (Blueberry) Fruit Extract, Brassica Oleracea Italica (Broccoli) Extract, Daucus Carota Sativa (Carrot) Root Extract, Brassica Oleracea Acephala (Kale) Leaf Extract, Spinacia Oleracea (Spinach) Leaf Extract, Albizia Julibrissin Bark Extract, Cucumis Sativus (Cucumber) Fruit Extract, Vaccinium Macrocarpon (Cranberry) Fruit Extract, Plankton Extract, Laminaria Saccharina Extract, Caffeine, Adenosine Phosphate, Sea Whip Extract, Yeast Extract\Faex\Extrait De Levure, Sodium Rna, Phytic Acid, Lactobacillus Ferment, Algae Extract, Hordeum Vulgare (Barley) Extract\Extrait D'orge, Silica, Resveratrol, Cetyl Alcohol, Tocopheryl Acetate, Sigesbeckia Orientalis (St. Paul's Wort) Extract, Pentylene Glycol, Trehalose, Styrene/Acrylates Copolymer, Lecithin, Helianthus Annuus (Sunflower) Seedcake, Micrococcus Lysate, Arabidopsis Thaliana Extract, Biosaccharide Gum-4, Ergothioneine, Oryza Sativa (Rice) Bran Extract, Capryloyl Glycine, Salicylic Acid, Isohexadecane, Peg-8 Laurate, Polysorbate 80, Ethylhexylglycerin, Propylene Glycol Dicaprate, 7-Dehydrocholesterol, Peg-100 Stearate, Acrylamide/Sodium Acryloyldimethyltaurate Copolymer, Tetrahexyldecyl Ascorbate, Propylene Glycol Caprylate, Polyethylene, Disodium Edta, Bht, Phenoxyethanol, Chlorphenesin, Mica, Titanium Dioxide."
Honest Beauty,Magic Beauty Balm Stick,Online Only,4.3,"Helianthus Annuus (sunflower) Seed Oil, Cocos Nucifera (coconut) Oil, Olea Europaea (olive) Fruit Oil, Butyrospermum Parkii (shea) Butter, Helianthus Annuus (sunflower) Seed Wax, Beeswax (cera Alba), Argania Spinosa Kernel Oil, Synthetic Beeswax, Simmondsia Chinensis (jojoba) Seed Oil, Silica, Rosa Canina Fruit Oil, Calendula Officinalis Flower Extract, Chamomilla Recutita (matricaria) Flower Extract, Kaolin, Tocopherol, Glycine Soja (soybean) Oil, Calophyllum Inophyllum Seed Oil, Tin Oxide, Mica (CI 77019), Titanium Dioxide (CI 77891), Iron Oxides (CI 77491)."
cocokind,MyMatcha Moisture Stick,Online Only,4.7,"Cocos (coconut) Nucifera Oil*, Beeswax*, Camellia Sinesis Leaf Powder* **.

*certified Organic
**matcha Tea Powder"
Olay,Total Effects Whip Moisturizer SPF 40,"Sale Price
$27.29
Original Price
$38.99",4.6,"Active: Avobenzone 3.0%, Homosalate 10.0%, Octisalate 5.0%, Octocrylene 9.0%. Inactive: Water, Tapioca Starch, Glycerin, Niacinamide*, Dimethicone, Panthenol**, Tocopheryl Acetate***, Sodium Ascorbyl Phosphate^, Camellia Sinensis Leaf Extract^^, Sodium Polyacrylate Starch, Stearyl Alcohol, Caprylyl Glycol, Behenyl Alcohol, 1.2-Hexanediol, Phenoxyethanol, Cetyl Alcohol, Dimethiconol, PEG-100 Stearate, Fragrance, Polymethylsilsesquioxane, Cetearyl Glucoside, Cetearyl Alcohol, BHT, Disodium EDTA, Stearic Acid, Palmitic Acid.

*Vitamin B3, **Provitamin B5, ***Vitamin E, ^Vitamin C, ^^Green Tea"
ACURE,Radically Rejuvenating SPF 30 Day Cream,"Sale Price
$13.29
Original Price
$18.99",3,"Active: Zinc Oxide 15%. Inactive: Allantoin, Aloe Barbadensis (Aloe Vera) Leaf Juice, Argania Spinosa (Argan) Kernel Oil, Ascorbic Acid (Vitamin C), Bisabolol, Butyrospermum Parkii (Shea) Butter, Caprylhydroxamic Acid, Caprylyl Glycol, Cetearyl Alcohol, Cetearyl Glucoside, Cetearyl Olivate, Coco-Caprylate/Caprate, Cocos Nucifera (Coconut) Oil, Coconut Alkanes, Curcuma Longa (Turmeric) Root Extract, Ethylhexylglycerin, Ferulic Acid, Glycerin, Heptyl Undecylenate, Hexylene Glycol, Lecithin, Niacinamide, Panthenol, Polyhydroxystearic Acid, Pullulan, Sclerotium Gum, Sodium Hyaluronate, Sodium Pca, Sorbitan Olivate, Squalane, Tanacetum Annuum (Blue Tansy) Flower Oil, Tocopherol, Xanthan Gum."
Clarins,Super Restorative Day Cream,"Price
$129.00",4.7,"Acetyl Tetrapeptide-2, Aqua/Water/Eau, Ascorbyl Glucoside, Butylene Glycol, Butyrospermum Parkii (Shea) Butter, Camellia Sinensis Leaf Extract, Caprylic/Capric Triglyceride, Carbomer, Cetearyl Alcohol, CI 14700/Red 4, CI 77120/Barium Sulfate, CI 77891 /Titanium Dioxide, Citric Acid, Dextran, Dimethicone, Dimethiconol, Disodium EDTA, Ethylhexylglycerin, Glycerin, Glyceryl Linoleate, Glyceryl Stearate, Guar Hydroxypropyltrimonium Chloride, Harungana Madagascariensis Extract, Hydrogenated Coco-Glycerides, Lapsana Communis Flower/ Leaf/Stem Extract, Mica, Olea Europaea (Olive) Fruit Extract, Parfum/Fragrance, PEG-100 Stearate, Cetearyl Glucoside, Pectin, Pentylene Glycol, Phenoxyethanol, Potassium Sorbate, Propanediol, Rhodiola Rosea Root Extract, Sodium Hyaluronate, Sodium Lauryl, Sulfate, Steareth-21, Thermus Thermophillus Ferment, Tocopherol, Tocopheryl Acetate, Tromethamine."
W3LL PEOPLE,Bio Tint Multi-Action Moisturizer with SPF 30,Online Only,4.2,"Active: Zinc Oxide 20%. Inactive: Water, Coco-Caprylate/Caprate, Caprylic/Capric Triglyceride, Polyglyceryl-3 Polyricinoleate, Silica, Castor (Ricinus Communis) Oil, Glycerin, Shea Butter Ethyl Esters, Disteardimonium Hectorite, Brassica Oleracea Italica (Broccoli) Seed Oil, Polyglyceryl-3 Diisostearate, Magnesium Sulfate, Isostearic Acid, Lecithin, Polyhydroxystearic Acid, Gluconolactone, Argania Spinosa Kernel Oil. Contains 1% or less of each of the following: Tocopheryl Acetate, Isoamyl Laurate, C12-15 Alkyl Benzoate, Cocos Nucifera (Coconut) Oil*, Cucurbita Pepo (Pumpkin) Seed Oil*, Tetrahexyldecyl Ascorbate, Glyceryl Caprylate, Sodium Benzoate, Ricinus Communis (Castor) Seed Oil, Tribehenin, Punica Granatum (Pomegrante) Seed Oil*, Bisabolol, Isoamyl Cocoate, Glyceryl Undecylenate, Phytic Acid, Aloe Barbadensis Leaf Juice*, Ceramide NG, Calendula Officinalis (Marigold) Flower Extract*, Chamomilla Recutita (Matricaria) Flower Extract*, Panax Quinquefolium Root Extract*, Calcium Gluconate, Camellia Sinensis Leaf Extract, Hydroxypropyl Cyclodextin, Algae Extract, Palmitoyl Tripeptide-38, Palmitoyl Hexapeptide-12. *Certified Organic. May Contain: Titanium Dioxide (CI 77891), Iron Oxide (CI 77492, CI 77491, CI 77499)

No Nasties, not even a little bit, ever! All W3LL PEOPLE products are made without Petrochemicals, Artificial Preservatives, GMO, Parabens, Dyes, Fragrance, Sulphates, Pthalates, Gylcols, and Nano Particles, as well as thousands of other potentially toxic ingredients."
Carbon Theory.,Vitamin E & Tea Tree Oil Breakout Control Facial Moisturiser,Only at Ulta Beauty,4.7,"Aqua (Water), Cetearyl Alcohol, Helianthus Annuus (Sunflower) Seed Oil, Polysorbate 60, Glycerin, Butyrospermum Parkii (Shea) Butter, Cocos Nucifera (Coconut) Oil, Olea Europaea (Olive) Fruit Oil, Prunus Armeniaca (Apricot) Kernel Oil, Phenoxyethanol, CI 77947 (Zinc Oxide), Allantoin, Glyceryl Caprylate, Xanthan Gum, Stearic Acid, Citric Acid, Citrullus Lanatus (Watermelon) Seed Oil, Ethylhexylglycerin, Melaleuca Alternifolia (Tea Tree) Leaf Oil, Tocopherol, Fragaria Vesca (Strawberry) Fruit Extract, Sodium Hyaluronate, Hippophae Rhamnoides Fruit Oil, Punica Granatum (Pomegranate) Extract, Rubus Idaeus (Raspberry) Fruit Extract, Vaccinium Macrocarpon (Cranberry) Fruit Extract, Potassium Sorbate, Sodium Benzoate, Citrus Limon (Lemon) Peel Oil, Limonene."
KORRES,White Pine Meno-Reverse Volumizing Serum-in-Moisturizer,"Price
$58.00",3.5,"Aqua/Water/Eau, Glycerin, Caprylic/Capric Triglyceride, Olus Oil/ Vegetable Oil/Huile Végétale, Cetearyl Alcohol, Glyceryl Stearate Citrate, Distarch Phosphate,Hydrogenated Ethylhexyl Olivate, Diheptyl Succinate, Passiflora Incarnata Seed Oil, Propanediol,Squalane, Ammonium Acryloyldimethyltaurate/Vp Copolymer, Argania Spinosa Kernel Oil, Ascorbyl Palmitate, Avena Strigosa Seed Extract, Butyrospermum Parkii (Shea) Butter, Candelila Cera/Euphorbia Cerifera (Candelilla) Wax/Cire De Candelilla,Capryloyl Glycerin/Sebacic Acid Copolymer, Citric Acid, Crambe Abyssinica Seed Oil, Cynara Scolymus (Artichoke) Leaf Extract, Dimethyl Isosorbide, Ethyl Linoleate, Ethyl Linolenate, Ethyl Oleate, Ethyl Palmitate, Ethyl Stearate, Ethylhexylglycerin, Glyceryl Caprylate, Glyceryl Stearate, Helianthus Annuus (Sunflower) Seed Oil, Hexyldecyl Stearate, Hydrogenated Olive Oil Unsaponifiables, Hydrogenated Vegetable Oil, Lactic Acid, Lecithin, Pancratium Maritimum Extract, Pinus Heldreichii Bark Extract, Prunus Armeniaca (Apricot) Kernel Oil, Sesamum Indicum (Sesame) Seed Extract, Sodium Carboxymethyl Beta-Glucan, Sodium Gluceptate, Sodium Hyaluronate, Spilanthes Acmella Flower Extract, Tocopherol, Tocopheryl Acetate, Benzyl Alcohol, Phenoxyethanol, Potassium Sorbate, Salicylic Acid, Sodium Benzoate, Sorbic Acid, Alpha-Isomethyl Ionone, Benzyl Salicylate, Citronellol, Coumarin, Hexyl Cinnamal, Linalool, Parfum/Fragrance."
Dr. Brandt,Cool Biotic Pre-Biotic Redness Relief Cream,"Price
$55.00",4.7,"Water/Aqua/Eau, Caprylic/Capric Triglyceride, Hydroxystearic Acid, Cetyl Alcohol, Stearyl Alcohol, Polyglyceryl-6 Stearate, Cannabis Sativa Seed Oil, Lactococcus Ferment Lysate, Avena Sativa (Oat) Kernel Flour, Ophiopogon Japonicus Root Extract, Yogurt, Ceramide Np, Enteromorpha Compressa Extract, Polysorbate 60, Sorbitan Isostearate, Sucrose, Fructose, Glucose, Camellia Sinensis Leaf Extract, Ocimum Sanctum Leaf Extract, Silybum Marianum Fruit Extract, Lactic Acid, Vitis Vinifera (Grape) Seed Extract, Inulin, Maltodextrin, Glycerin, Polyglyceryl-6 Behenate, Ethylhexylglycerin, Propanediol, Benzyl Alcohol, Methyl Lactate, Hydroxyethyl Acrylate/Sodium Acryloyldimethyl Taurate Copolymer, Sodium Chloride, Sodium Benzoate, Citric Acid."
Skinfood,Peach Sake Emulsion,Online Only,4.5,"Water, Phenyl Trimethicone, Alcohol Denat., Mineral Oil, Bis-Peg-18 Methyl Ether Dimethyl Silane, Isohexadecane, Prunus Persica (Peach) Fruit Extract, Sorbitan Stearate, Polyglyceryl-3 Methylglucose Distearate, Rice Ferment Filtrate (Sake), Butylene Glycol, Dimethicone, Ethylhexylglycerin, 1,2-Hexanediol, Propylene Glycol, Carbomer, Allantoin, Triethanolamine, Sucrose Cocoate, Tocopheryl Acetate, Argania Spinosa Kernel Oil, Hydrogenated Lecithin, Enantia Chlorantha Bark Extract, Disodium Edta, Sesamum Indicum (Sesame) Seed Oil, Bht, Stearyl Glycyrrhetinate, Beta-Sitosterol, Serenoa Serrulata Fruit Extract, Phenoxyethanol, Tocopherol, Glycyrrhiza Glabra (Licorice) Root Extract, Centella Asiatica Extract, Glycine Soja (Soybean) Seed Extract, Oleanolic Acid, Chamomilla Recutita (Matricaria) Flower Extract, Fragrance, Silica, D&C Red No.33(Ci 17200), Fd&C Yellow No.5(Ci 19140), Fd&C Yellow No.6(Ci 15985)."
Dermalogica,Travel Size Skin Smoothing Cream,"Price
$16.00",4.5,"Water, Caprylic/Capric Triglyceride, Methyl Gluceth-20, Pentylene Glycol, Butylene Glycol, Dimethicone, Lactamide MEA, Ethylhexyl Methoxycinnamate, PEG-100 Stearate, Cetearyl Alcohol Stearic Acid, Glyceryl Stearate, Lavandula Angustifolia (Lavender) Extract, Malva Sylvestris (Mallow) Flotheyr/Leaf/Stem Extract, Hedera Helix (Ivy) Leaf/Stem Extract, Cucumis Sativus (Cucumber) Fruit Extract, Sambucus Nigra Flotheyr Extract, Arnica Montana Flotheyr Extract, Parietaria Officinalis Extract, Nasturtium Officinale Flotheyr/Leaf Extract, Arctium Lappa Root Extract, Salvia Officinalis (Sage) Leaf Extract, Citrus Medica Limonum (Lemon) Fruit Extract, Saponaria Officinalis Leaf/Root Extract, Silk Amino Acids, Glycolipids, Sodium Hyaluronate, Leuconostoc/Radish Root Ferment Filtrate, Palmitoyl, Hydroxypropyltrimonium Amylopectin/Glycerin Crosspolymer, Lecithin, Vitis Vinifera (Grape) Seed Extract, Allantoin, Panthenol, Cetyl Alcohol, Polyquaternium-10, Acrylates/C10-30 Alkyl Acrylate Crosspolymer, Polysorbate 60, Aminomethyl Propanol, Disodium EDTA, Linalool, Lavandula Hybrida Oil.

Dermalogica is dedicated to maintaining the accuracy of the ingredient lists on this theybsite. Hotheyver, because ingredients are subject to change, they cannot guarantee that these lists are complete, up-to-date and/or error-free. For an accurate listing of ingredients in each product, please refer to your product packaging."
Proactiv,T-Zone Oil Absorber,"Sale Price
$15.00
Original Price
$30.00",4,Mattifying Complex: a skin conditioning technology that reduces pore size appearance and shine while refining skin texture.
belif,Milky Moisturizer,Online Only,4.6,"Water, Dipropylene Glycol, Glycerin, Triethylhexanoin, Hexyldecyl Ethylhexanoate, Pentaerythrityl Tetraethylhexanoate, 1,2-Hexanediol, Glyceryl Stearate, Cyclopentasiloxane, PEG-100 Stearate, Salvia Officinalis (Sage) Leaf Extract, *Avena Sativa (Oat) Kernel Extract, *Calendula Officinalis Flower Extract, *Nepeta Cataria Extract, *Rubus Idaeus (Raspberry) Leaf Extract, *Baptisia Tinctoria Root Extract, *Stellaria Media (Chickweed) Extract, **Alchemilla Vulgaris Leaf Extract, **Viola Tricolor Extract, **Rosa Damascena Flower Extract, **Spiraea Ulmaria Flower Extract, **Althaea Officinalis Root Extract, Corchorus Oiltorius Leaf Extract, Monarda Didyma Leaf Extract, C14-22 Alcohols, C12-20 Alkyl Glucoside, Cetearyl Alcohol, Dimethicone, Panthenol, PEG-5 Glyceryl Stearate, Carbomer, Tromethamine, Mica, Titanium Dioxide, Iron Oxides(CI 77491), Xanthan Gum, Trisodium EDTA, ***Fragrance, Citronellol, Limonene.
*Napiers Original Formula
**Napiers Moisture Formula
***Fragrances of Natural Origin"
Philosophy,Purity Made Simple Moisturizer,"Price
$14.00",4.5,"Aqua/Water/Eau, Cyclopentasiloxane, Bis-PEG-18 Methyl Ether Dimethyl Silane, Glycerin, Butylene Glycol, Butyrospermum Parkii (Shea) Butter, Glyceryl Stearate, PEG-100 Stearate, Cetearyl Alcohol, Cetyl Alcohol, Limnanthes Alba (Meadowfoam) Seed Oil, Phenoxyethanol, Stearic Acid, Tocopheryl Acetate, Salvia Hispanica Seed Oil, Panthenol, Parfum/Fragrance, Acrylates/C10-30 Alkyl Acrylate Crosspolymer, Linalool, BHT, Ascorbyl Glucoside, Disodium EDTA, Sodium Hydroxide, PEG-8, Tocopherol, Sodium Hyaluronate, Lecithin, Alcohol Denat., Geraniol, Polyglyceryl-3 Diisostearate, Pantolactone, Ascorbyl Palmitate, Citronellol, Camellia Sinensis Leaf Extract, Coffea Arabica (Coffee) Seed Extract, Pongamia Pinnata Seed Extract, Benzyl Benzoate, Limonene, Ascorbic Acid, Angelica Archangelica Root Extract, Citrus Aurantium Amara (Bitter Orange) Peel Extract, Maltodextrin, Citric Acid, Magnesium Aluminum Silicate, Xanthan Gum, Caprylyl Glycol, Sclerotium Gum, Sorbic Acid, FD&C Yellow No. 5 (CI 19140), FD&C Yellow No. 6 (CI 15985)."
Garnier,Green Labs Hyalu-Melon Replumping Serum Cream SPF 30,"Sale Price
$15.39
Original Price
$21.99",4.4,"Active: Avobenzone 3%, Homosalate 5%, Octisalate 5%, Octocrylene 7.20%. Inactive: Water, Glycerin, Dimethicone, Peg-100 Stearate, Glyceryl Stearate, Silica, Citrullus Lanatus (Watermelon) Fruit Extract, Dicaprylyl Carbonate, Steareth-100, Stearic Acid, Dimethicone/Vinyl Dimethicone Crosspolymer, Sodium Hyaluronate, Sodium Hydroxide, Myristic Acid, Palmitic Acid, Ammonium Polyacryloyldimethyl Taurate, Disodium Edta, Capryloyl Salicylic Acid, Caprylyl Glycol, Xanthan Gum, Tocopherol, Phenoxyethanol, Fragrance F.I.L. D254881/2."
Clinique,Clinique iD Dramatically Different For Uneven Skin Tone,"Price
$39.50",3.1,"Clinique iD Active Cartridge Concentrate for Uneven Skin Tone: Water\Aqua\Eau, Butylene Glycol, Ascorbyl Glucoside, Caffeine, Angelica Acutiloba (Japanese Angelica) Root Extract, Pyrus Malus (Apple) Fruit Extract, Cucumis Sativus (Cucumber) Fruit Extract, Molasses Extract\Saccharum Officinarum\Extrait De Mélasse, Scutellaria Baicalensis Root Extract, Salicylic Acid, Phospholipids, Stearamidopropyl Dimethylamine, Stearic Acid, Caprylyl Glycol, Dipotassium Glycyrrhizate, Sodium Hydroxide, Xanthan Gum, Taurine, Sodium Citrate, Disodium EDTA, Sodium Sulfite, Sodium Metabisulfite, Potassium Sorbate, Phenoxyethanol.

Clinique iD Dramatically Different Hydrating Jelly: Water\Aqua\Eau, Bis-PEG-18 Methyl Ether Dimethyl Silane, Butylene Glycol, Glycerin, Cucumis Sativus (Cucumber) Fruit Extract, Hypnea Musciformis (Algae) Extract, Gelidiella Acerosa Extract, Hordeum Vulgare (Barley) Extract\Extrait D'Orge, Padina Pavonica Thallus Extract, Helianthus Annuus (Sunflower) Seedcake, Sucrose, Caffeine, Sodium Hyaluronate, Hydroxyethyl Urea, Hydrolyzed Rice Extract, Sorbitol, Sodium Polyaspartate, PPG-6-Decyltetradeceth-30, Ethylhexylglycerin, Propylene Glycol Dicaprate, Caprylyl Glycol, Trehalose, Polysorbate 80, Carbomer, Sodium Hydroxide, Hexylene Glycol, Citric Acid, Sodium Citrate, Disodium EDTA, Phenoxyethanol.

Please be aware that ingredient lists may change or vary from time to time. Please refer to the ingredient list on the product package you receive for the most up to date list of ingredients."
Alpha Skin Care,Enhanced Renewal Cream,Online Only,4.7,"Water, Glycolic Acid, Ammonium Hydroxide, Cetyl Alcohol, Propylene Glycol, Dicaprylyl Carbonate, Stearic Acid, PEG-40 Stearate, C 12-15 Alkyl Benzoate, Polysorbate 60, Steareth 2, Hydrolyzed Lupine Protein (Peptide), Green Tea Extract, Panthanol (Vitamin B5), Tocopheryl Acetate (Vitamin E), Xanthan Gum, PVM/MA Decadiene, Crosspolymer, Diazolidinyl Urea, Iodopropynyl Butylcarbamate, BHT."
Exuviance,Glycolic Expert Daily Moisturizer,"Price
$46.00",4.2,"Aqua/water/eau, Glycolic Acid, Butylene Glycol, Cetyl Alcohol, Ammonium Hydroxide, Arginine, Octyldodecyl Neopentanoate, Glyceryl Stearate, Glycerin, PEG-100 Stearate, Acetyl Hydroxyproline, Magnesium Aluminum Silicate, Dimethicone, Tocopheryl Acetate, Chamomilla Recutita (matricaria) Flower Extract, Aloe Barbadensis Leaf Extract, Rosa Centifolia Flower Extract, Sambucus Nigra Flower Extract, Calendula Officinalis Flower Extract, Sorbitan Stearate, PEG-40 Stearate, Propylene Glycol,ethylhexyl Hydroxystearate, Xanthan Gum, PEG-75 Stearate, Disodium EDTA, Ceteth-20, Steareth-20, Polysorbate 20, Caprylyl Glycol, Phenoxyethanol, Chlorphenesin."
Tarte,Knockout Brightening Gel Moisturizer,"Price
$39.00",3.3,"Water/Aqua/Eau, Citrus Tangerina (Tangerine) Fruit Water, Ethylhexyl Olivate, Propanediol, Glycerin, Dimethicone, Phenoxyethanol, Ammonium Acryloyldimethyltaurate/Vp Copolymer, Dipropylene Glycol, Sodium Acrylate/Sodium Acryloyldimethyl Taurate Copolymer, Squalane, Isohexadecane, Tocopheryl Acetate, Xanthan Gum, Caprylyl Glycol, Citric Acid, Potassium Sorbate, Sodium Benzoate, Limonene, Papain, Polysorbate 80, Sorbitan Oleate, 1,2- Hexanediol, Carbomer, Algin, Melia Azadirachta Leaf Extract, Melia Azadirachta Flower Extract, Corallina Officinalis Extract, Sodium Hydroxide, Coccinia Indica Fruit Extract, Aloe Barbadensis Flower Extract, Solanum Melongena (Eggplant) Fruit Extract, Curcuma Longa (Turmeric) Root Extract, Ocimum Basilicum (Basil) Flower/Leaf Extract, Ocimum Sanctum Leaf Extract."
Neutrogena,Combination Skin Oil-Free Moisture,"Sale Price
$11.99
Original Price
$14.99",NA,"Water, Cyclomethicone, Cetyl Ethylhexanoate, Glycerin, Cetyl Ricinoleate, Stearyl Alcohol, Glyceryl Stearate, Peg-100 Stearate, Methyl Methacrylate Glycol Dimethacrylate Crosspolymer, Lysine Carboxymethyl Cysteinate, Lysine Thiazolidine Carboxylate, Tocopherol, Silica, Xanthan Gum, Methylparaben, Propylparaben, Diazolidinyl Urea, Benzalkonium Chloride."
Kate Somerville,KateCeuticals Total Repair Cream,Online Only,NA,"Aqua/Water/Eau, Cetearyl Alcohol, Dimethicone, Stearic Acid, Ceteareth-20, Glycerin, Isocetyl Stearoyl Stearate, Isopropyl Myristate, C12-15 Alkyl Benzoate, Cannabis Sativa Seed Oil, Caprylic/Capric Triglyceride, Orbignya Oleifera Seed Oil, Ceramide NG, Cholesterol, Adenosine, Squalane, Macadamia Ternifolia Seed Oil, Copper PCA, Serica/Silk Powder/Poudre de Soie, Sodium Hyaluronate, Palmitoyl Hexapeptide-12, Allantoin, Simmondsia Chinensis (Jojoba) Seed Oil, Citrus Paradisi (Grapefruit) Peel Oil, Ascorbyl Palmitate, Triacetin, PEG-10 Phytosterol, Sodium PCA, Tribehenin, Urea, Polyquaternium-51, Butylene Glycol, Trehalose, Potassium Sorbate, Sodium Benzoate, Disodium EDTA, Tocopheryl Acetate, Parfum/Fragrance, Hexylene Glycol, Lactic Acid, Aminomethyl Propanol, Xanthan Gum, BHT, Caprylyl Glycol, Chlorphenesin, Geraniol, Hexyl Cinnamal, Limonene."
Exuviance,Glycolic Perfecting Night Moisturizer,"Price
$47.00",4.7,"Aqua/water/eau, Glycolic Acid, C12-15 Alkyl Benzoate, Glycerin, Glyceryl Stearate, Caprylic/capric Triglyceride, Cyclopentasiloxane, Steareth-21, Arginine, Sodium Hydroxide, Cyclohexasiloxane, Glyceryl Behenate, Methyl Glucose Sesquistearate, Steareth-2, Trimethylpentanediol/adipic Acid Copolymer, Glyceryl Dilaurate, Tocopheryl Acetate, Acacia Decurrens Flower Wax, Jojoba Esters, Helianthus Annuus (sunflower) Seed Wax, Hydrolyzed Yeast Protein, Polyglycerin-3, Magnesium Aluminum Silicate, Cetyl Palmitate, Hydroxyethylcellulose, Hydroxypropyl Starch Phosphate, Triundecanoin, Xanthan Gum, Dimethiconol, Caprylyl Glycol, Tetrasodium EDTA, Sodium Metabisulfite, Phenoxyethanol, Chlorphenesin, Parfum (fragrance)."
ACURE,Seriously Soothing SPF 30 Day Cream,"Sale Price
$13.29
Original Price
$18.99",3.3,"Active: Zinc Oxide 15%. Inactive: Allantoin, Aloe Barbadensis (Aloe Vera) Leaf Juice, Argania Spinosa (Argan) Kernel Oil, Bisabolol, Butyrospermum Parkii (Shea) Butter, Caprylhydroxamic Acid, Caprylyl Glycol, Cetearyl Alcohol, Cetearyl Glucoside, Cetearyl Olivate, Coco-Caprylate/Caprate, Cocos Nucifera (Coconut) Oil, Coconut Alkanes, Ethylhexylglycerin, Glycerin, Heptyl Undecylenate, Hexylene Glycol, Lecithin, Niacinamide, Panthenol, Polyhydroxystearic Acid, Pullulan, Sclerotium Gum, Sodium Pca, Sorbitan Olivate, Squalane, Tanacetum Annuum (Blue Tansy) Flower Oil, Tocopherol, Xanthan Gum."
Jack Black,Clean Break Oil-Free Moisturizer,"Price
$30.00",4.7,"Aqua (Water/Eau), Cyclopentasiloxane, Octyldodecyl Neopentanoate, Niacinamide, Sodium Hyaluronate, Camellia Sinensis (White Tea/Thé blanc) Leaf Extract*, Macrocystis Pyrifera (Sea Kelp/Varech) Extract, Ocimum Basilicum (Basil/Basilic) Leaf Extract*, Tocopheryl Acetate, Glycerin, Dimethicone, Glycereth-26, Cetearyl Glucoside, Carbomer, Hydroxypropyl Starch Phosphate, Hydroxyethyl Acrylate/Sodium Acryloyl Dimethyl Taurate Copolymer, Undecylenoyl Glycine, Disodium EDTA, Butylene Glycol, Capryloyl Glycine, Sodium Hydroxide, Phenoxyethanol, Octyldodecanol, Polysorbate 60, Sorbitan Isostearate, Sodium Chloride, Sodium Carbonate.

*Certified Organic/Certifiés Biologiques

As part of Jack Black's commitment to always offer the highest quality products, some of the ingredients in their formulations may be updated from time to time. The ingredient list shown here may vary from product packaging, depending on the location and timing of purchase."
Clarins,Rose Radiance Cream,"Price
$129.00",4.2,"Aqua/Water/Eau, Glycerin, Corylus Avellana (Hazel) Seed Oil, Dimethicone, Butyrospermum Parkii (Shea) Butter, Caprylic/Capric Triglyceride, Ci 77891/Titanium Dioxide, Phenyl Trimethicone, Pentaerythrityl Tetraethylhexanoate, Ammonium Acryloyldimethyltaurate/Vp Copolymer, Synthetic Fluorphlogopite, Pentaerythrityl Distearate, Pentylene Glycol, Polyglyceryl-10 Myristate, Polyacrylate Crosspolymer-6, Ascorbyl Glucoside, Sucrose Palmitate, Parfum/Fragrance, Sodium Benzoate, Sodium Citrate, Tocopheryl Acetate, Disodium Edta, Hibiscus Sabdariffa Flower Extract, Glyceryl Linoleate, Butylene Glycol, Sodium Hyaluronate, Dimethiconol, Harungana Madagascariensis Extract, Tin Oxide, Marrubium Vulgare Extract, Citric Acid, T-Butyl Alcohol, Potassium Sorbate, Propanediol, Olea Europaea (Olive) Fruit Extract, Ci 14700/Red 4, Pectin, Phenoxyethanol, Guar Hydroxypropyltrimonium Chloride, Furcellaria Lumbricalis Extract, Ci 17200/Red 33, Lapsana Communis Flower/Leaf/Stem Extract, Maris Sal/Sea Salt/Sel Marin, Acetyl Tetrapeptide-2, Dextran."
ELEMIS,Dynamic Resurfacing Day Cream SPF 30,Online Only,4.8,"Aqua/Water/Eau, Coco-Caprylate, Glycerin, Caprylic/Capric Triglyceride, Cetyl Alcohol, Isostearyl Alcohol, Butylene Glycol, Butylene Glycol Cocoate, Butyl Methoxydibenzoylmethane, Ethylhexyl Methoxycinnamate, Rubus Idaeus (Raspberry) Seed Oil, Phenoxyethanol, Tocopheryl Acetate, Octocrylene, Carbomer, Chlorphenesin, Melissa Officinalis Leaf Extract, Propylene Glycol, Sodium Stearoyl Glutamate, Behenyl Alcohol, Ethylcellulose, Lecithin, Xanthan Gum, Butyrospermum Parkii (Shea) Butter, Tocopherol, Papain, Borago Officinalis (Starflower) Seed Oil, Fragrance (Parfum), Disodium EDTA, Sodium Hydroxide, Sodium Dehydroacetate, Hydrogenated Castor Oil, Stearyl Alcohol, Euphrasia Officinalis (Eyebright) Extract, Mimosa Tenuiflora Bark Extract, Protease, Biosaccharide Gum-1, Citric Acid, Hexyl Cinnamal, Codium Tomentosum Extract, Ecklonia Cava Extract, Gelidium Cartilagineum Extract, Hizikia Fusiforme Extract, Myrtus Communis (Myrtle) Leaf Extract, Potassium Sorbate, Sodium Benzoate, Benzyl Salicylate, Hydroxyisohexyl 3-Cyclohexene Carboxaldehyde, Subtilisin, Butylphenyl Methylpropional, Alpha-Isomethyl Ionone, Poria Cocos (White Truffle) Extract, Citrus Aurantium Amara (Bitter Orange) Leaf/Twig Oil."
Neutrogena,Oil-Free Moisture SPF 15,"Sale Price
$11.99
Original Price
$14.99",3.6,"Active: Avobenzone (1.5%), Octisalate (5%), Octocrylene (3%), Oxybenzone (4%). Inactive: Water, Octyldodecyl Neopentanoate, Glycerin, Emulsifying Wax NF, Glyceryl Stearate, PEG-100 Stearate, Dimethicone, Phenoxyethanol, Ethylhexylglycerin, Caprylyl Glycol, Carbomer, Triethanolamine, Methylparaben, Disodium EDTA, Ethylene Brassylate, Dipropylene Glycol, Dimethyl Heptenal."
Honest Beauty,Dew Wonders Kit,Online Only,4.7,"Prime + Perfect Mask: Water (Aqua), Glycerin, Kaolin, Helianthus Annuus (Sunflower) Seed Oil, Cetyl Palmitate, Cetearyl Alcohol, Butyrospermum Parkii (Shea) Butter, Behenyl Alcohol, Polyglyceryl-3 Stearate, Caesalpinia Spinosa Gum, Wine, Ribes Nigrum (Black Currant) Fruit Extract, Tocopherol, Trisodium Ethylenediamine Disuccinate, Caprylyl Glycol, Caprylhydroxamic Acid, Maltodextrin, Caprylic/Capric Triglyceride, Fragaria Chiloensis (Strawberry) Fruit Extract, Citrus Aurantium Dulcis (Orange) Peel Extract, Rubus Idaeus (Raspberry) Leaf Extract, Ananas Sativus (Pineapple) Fruit Extract, Pyrus Malus (Apple) Fruit Extract, Vanilla Planifolia Fruit Extract, Coffea Arabica (Coffee) Leaf/Seed Extract, Alcohol, Citric Acid , Mica (CI 77019), Titanium Dioxide (CI 77891), Iron Oxides (CI 77491, CI 77499), Limonene.

Vitamin C Radiance Serum: Water (Aqua), Glycerin, Propanediol, Pyrus Malus (Apple) Fruit Extract, Cynara Scolymus (Artichoke) Leaf Extract, Aloe Barbadensis Leaf Juice Powder, Diglucosyl Gallic Acid, Citric Acid, Lysolecithin, Sclerotium Gum, Xanthan Gum, Pullulan, Silica, Sodium Acetylated Hyaluronate, Sodium PCA, Erythritol, Carrageenan, Hydrolyzed Sodium Hyaluronate, Isopentyldiol, Trifolium Pratense (Clover) Flower Extract, Cananga Odorata Flower Water, Trisodium Ethylenediamine Disuccinate, 1,2-Hexanediol, Caprylhydroxamic Acid, Sodium Ascorbyl Phosphate, Tin Oxide, Benzoic Acid, Sorbic Acid, Sodium Hydroxide, Potassium Sorbate, Sodium Benzoate, Titanium Dioxide (CI 77891), Mica (CI 77019).

Everyday Radiance Moisturizer: Water (Aqua), Glycerin, Raphanus Sativus (Radish) Seed Oil, Dimethicone, Glyceryl Stearate SE, Camellia Sinensis Seed Oil, Jojoba Esters, Cetearyl Alcohol, Maltodextrin, Malpighia Glabra (Acerola) Fruit Extract, Calendula Officinalis Flower Extract, Chamomilla Recutita (Matricaria) Flower Extract, Rosmarinus Officinalis (Rosemary) Leaf Extract, Lavandula Hybrida Oil, Lavandula Angustifolia (Lavender) Oil, Abies Sibirica Oil, Pogostemon Cablin Leaf Oil, Cymbopogon Martini Oil, Pelargonium Graveolens Flower Oil, Anthemis Nobilis Flower Oil, Sodium Phytate, Alcohol, Phyllanthus Emblica Fruit Extract, Rosa Canina Fruit Extract, Tocopherol, Gluconolactone, Sodium Benzoate, Calcium Gluconate, Cetyl Alcohol, Cetearyl Glucoside, Opuntia Ficus-Indica Extract, Potassium Sorbate, Hydrolyzed Hyaluronic Acid, Xanthan Gum, Ethylhexylglycerin, Glycyrrhiza Glabra (Licorice) Root Extract, Citronellol, Geraniol, Limonene, Linalool."
Honest Beauty,Deep Hydration Cream,Online Only,NA,"Water (Aqua), Ethylhexyl Stearate, Glycerin, Raphanus Sativus (Radish) Seed Oil, Jojoba Esters, Butyrospermum Parkii (Shea) Butter, Sorbitol, Dimethicone, Glyceryl Stearate SE, Cetyl Alcohol, Caprylic/Capric Triglyceride, Beeswax (Cera Alba), Candelilla/Jojoba/Rice Bran Polyglyceryl-3 Esters, Glyceryl Stearate, Maltodextrin, Malpighia Glabra (Acerola) Fruit Extract, Calendula Officinalis Flower Extract, Chamomilla Recutita (Matricaria) Flower Extract, Adansonia Digitata Seed Oil, Lavandula Hybrida Oil, Lavandula Angustifolia (Lavender) Oil, Abies Sibirica Oil, Pogostemon Cablin Leaf Oil, Cymbopogon Martini Oil, Pelargonium Graveolens Flower Oil, Anthemis Nobilis Flower Oil, Citric Acid, Sodium Phytate, Alcohol, Sodium Stearoyl Lactylate, Cetearyl Alcohol, Lecithin, Tocopherol, Fagus Sylvatica Bud Extract, Benzyl Alcohol, Alaria Esculenta Extract, Opuntia Ficus-Indica Extract, Potassium Sorbate, Hydrolyzed Hyaluronic Acid, Xanthan Gum, Citronellol, Geraniol, Limonene, Linalool."
Aveeno,Daily Moisturizer,"Sale Price
$15.99
Original Price
$19.99",NA,"Active: Salicylic Acid 0.5%. Inactive: Arachidyl Alcohol, Arachidyl Glucoside, Behenyl Alcohol, BHT, Bis-Phenylpropyl, Dimethicone, C12-15 Alkyl Benzoate, C13-14 Isoparraffin, Cetearyl Alcohol, Cetearyl Glucoside Dimethicone, Disodium Edta, Ethylene/Arylic Acid Copolymer, Fragrance, Glycerin, Glycine Soja (Soybean) Seed Extract, Isoceteth-20, Laureth-7, Methyl Glueth-20, Polyacrylamide, Ppg-10 Cethyl Ether, Water."
Truly,Cream Skin Facial Moisturizer,Only at Ulta Beauty,3.5,NA
Avène,TriXera Nutrition Nutri-Fluid Balm,Online Only,4.8,"Avène Thermal Spring Water (Avène Aqua), Glycerin, Isopropyl Palmitate, Pentaerythrityl Tetracaprylate/Tetracaprate, Propylene Glycol Dicaprylate/Dicaprate, Caprylic/Capric Triglyceride, Glyceryl Stearate, Myreth-3 Myristate, Peg-100 Stearate,Acrylates / C10-30 Alkyl Acrylate Crosspolymer, Benzoic Acid, Caprylyl Glycol, Carbomer, Glycine, Glycine Soja (Soybean) Seed Extract, Oenothera Biennis (Evening Primrose) Oil, Peg-32, Peg-400, Pentyl Rhamnoside, Sodium Hydroxide, Tocopherol, Tocopheryl Acetate, Water (Aqua)."
ACURE,Ultra Hydrating 12 Hour Facial Moisturizer,"Sale Price
$13.29
Original Price
$18.99",4,"Water (Aqua), Cetearylalcohol, Glyceryl Stearate Citrate, Argania Spinosa Kernel Oil, Carthamus Tinctorius (Safflower) Seed Oil, Butyrospermum Parkii (Shea) Butter, Glycerin, Cetyl Alcohol, Cocoglycerides, Helianthus Annuus (Sunflower) Seed Oil, Glyceryl Laurate, Phenethyl Alcohol, Ethylhexylglycerin, Glyceryl Caprylate, Tocopherol, Aloe Barbadensis Leaf Juice*, Aniba Rosaeodora, (Rosewood) Oil, Citrus Aurantium Dulcis (Orange) Peel Oil, Citrus Aurantium Flower Oil, Citrus Nobilis (Mandarin Orange) Peel Oil, Jasminum Officinale Oil, Pelargonium Graveolens (Geranium) Oil, Euterpe Oleracea Fruit Extract*, Rubus Fruticosus (Blackberry) Fruit Extract*, Punica Granatum Extract*, Rosa Canina Fruit Extract*, Calendula Officinalis Flower Extract*, Chamomilla Recutita (Matricaria) Flower Extract*, Aspalathus Linearis Leaf Extract*, Withania Somnifera Root Extract, Ganoderma Lucidum (Mushroom) Extract, Ocimum Sanctum Leaf Extract, Cordyceps Sinensis Extract, Curcuma Longa (Turmeric) Root Extract, Arthrospira Platensis Extract, Brassica Oleracea Acephala (Kale) Extract, Spinacia Oleracea (Spinach) Leaf Extract.

*Organic Ingredient"
bioClarity,Primed & Ready 2-in-1 Moisturizer and Primer,Only at Ulta Beauty,4.7,"Aqua (Water, Eau), Dicaprylyl Carbonate, Hydrogenated Ethylhexyl Olivate, Stearic Acid, Glyceryl Stearate SE, Cetearyl Alcohol, Citrullus Lanatus (Watermelon) Fruit Extract, Pyrus Malus (Apple) Fruit Extract, Lens Esculenta (Lentil) Fruit Extract, Squalane, Morus Alba Leaf Extract, Helianthus Annuus (Sunflower) Seed Oil, Carthamus Tinctorius (Safflower) Seed Oil, Sodium PCA, Sodium Lactate, Camellia Sinensis Leaf Extract, Sodium Phytate, Vitis Vinifera (Grape) Seed Oil, Hydrogenated Olive Oil Unsaponifiables, Ubiquinone, Thioctic Acid, Marrubium Vulgare Extract, Lonicera Japonica (Honeysuckle) Flower Extract, Glycerin, Lonicera Caprifolium (Honeysuckle) Flower Extract, Tocopheryl Acetate, Sodium Lauroyl Lactylate, Carbomer, Sodium Hydroxide, Sodium Benzoate, Potassium Sorbate, Citric Acid."
Kiehl's Since 1851,Clearly Corrective Brightening Smoothing Moisture Treatment,Online Only,4.2,"Aqua/Water, Dimethicone, Propylene Glycol, Glycerin, Alcohol Denat., Hydroxypropyl, Etrahydropyrantriol, Butylene Glycol, Dimethicone/PEG-10/15 Crosspolymer, 3-O-Ethyl Ascorbic Acid, Paeonia Suffruticosa Root Extract, Potassium Hydroxide, Lavandula Angustifolia Oil/Lavender Oil, Glycolic Acid, Sodium Citrate, Silica, Adenosine, Magnesium Sulfate, Disodium Edta, Dipropylene Glycol, Citric Acid, Citrus Aurantium Tachibana Peel Extract, Tocopherol, Tocopheryl Acetate, Salicylic Acid, Phenoxyethanol, Linalool, Geraniol, Limonene, Citral."
Neutrogena,Bright Boost Gel Cream,"Sale Price
$21.59
Original Price
$26.99",NA,"Water, Dimethicone, Glycerin, Mandelic Acid, Triethyl Citrate, Gluconolactone, Acetyl Glucosamine, Hydroxyethyl Acrylate/Sodium Acryloyldimethyl Taurate Copolymer, Polyacrylate Crosspolymer-6, Butylene Glycol, Squalane, Aluminum Starch Octenylsuccinate, Sodium Hydroxide, Phenoxyethanol, Dimethicone Crosspolymer, Cetearyl Olivate, Dimethiconol, Sorbitan Olivate, Chlorphenesin, Cetearyl Alcohol, Polysorbate 60, Succinoglycan, Coco-Glucoside, Disodium EDTA, Fragrance, Ethylhexylglycerin, Silica, Tin Oxide, Titanium Dioxide, Mica, Red 40."
Pacifica,Cosmic Shield Hydration Lock Face Cream,"Sale Price
$11.20
Original Price
$16.00",NA,"Aqua, Simmondsia Chinensis (Jojoba) Seed Oil, Prunus Armeniaca (Apricot) Kernel Oil, Persea Gratissima (Avocado) Oil, Glycerin, Sucrose Stearate, Sucrose Distearate, Hemp Oil Extract, Galactoarabinan, Xanthan Gum, Cellulose Gum, Phenoxyethanol, Ethylhexylglycerin, Citric Acid, Parfum (Natural)."
Clinique,Travel Size Dramatically Different Oil-Free Gel,"Price
$5.50",NA,"Water / Aqua / Eau, Dimethicone, Isododecane, Butylene Glycol, Bis-PEG-18 Methyl Ether Dimethyl Silane, Glycerin, Laminaria Saccharina Extract, Polygonum Cuspidatum Root Extract, Saccharomyces Lysate Extract, Cucumis Sativus (Cucumber) Fruit Extract, Hordeum Vulgare (Barley) Extract / Extrait D'Orge, Helianthus Annuus (Sunflower) Seedcake, Caffeine, Trehalose, Sodium Hyaluronate, Tocopheryl Acetate, Chamomilla Recutita (Matricaria), Polysilicone-11, Silica, Propylene Glycol Dicaprate, Oleth-10, Lactobacillus Ferment, Laureth-23, Laureth-4, Ammonium Acryloyldimethyltaurate / VP Copolymer, Carbomer, Caprylyl Glycol, Hexylene Glycol, Tromethamine, Disodium EDTA, Phenoxyethanol, Potassium Sorbate, Yellow 5 (CI 19140), Red 4 (CI 14700), Yellow 6 (CI 15985).

Please be aware that ingredient lists may change or vary from time to time. Please refer to the ingredient list on the product package you receive for the most up to date list of ingredients."
BeautyBio,The ZenBubble Calming Skin Shield,"Price
$65.00",4.7,"Water/Aqua/Eau, Glycerin, Dimethicone, Butylene Glycol, Diphenylsiloxy Phenyl Trimethicone, Microcrystalline Cellulose, Peg-9 Polydimethylsiloxyethyl Dimethicone, Polymethylsilsesquioxane, Chamomilla Recutita (Matricaria) Flower Extract, Chlorella Vulgaris Extract, Centella Asiatica Extract, Tocopherol, Saccharide Isomerate, Caprylyl Glycol, Dimethicone/Phenyl Vinyl Dimethicone Crosspolymer, Dimethicone/Peg-10/15 Crosspolymer, Dipropylene Glycol, Disodium Edta, Cellulose Gum, Lactic Acid, Propanediol, Chlorphenesin, Phenoxyethanol, Sodium Citrate, Sodium Chloride."
Avène,RICH Revitalizing Nourishing Cream,Online Only,5,"Avène Thermal Spring Water (Avene Aqua), Butyrospermum Parkii (Shea) Butter (Butyrospermum Parkii Butter), Glycerin, Octyldodecanol, Mineral Oil (Paraffinum Liquidum), Cetearyl Alcohol, Dimethicone, Isododecane, Methyl Gluceth-20, Pentylene Glycol, Water (Aqua), Silica, Cetyl Esters, Cetearyl Glucoside, Glyceryl Stearate, Peg100 Stearate, Benzoic Acid, Caprylic/Capric Triglyceride, Ethylhexylglycerin, Fragrance (Parfum), Hydrogenated Starch Hydrolysate, Polyacrylate-13, Polyisobutene, Polysorbate 20, Ribes Rubrum (Currant) Fruit Extract (Ribes Rubrum Fruit Extract), Rubus Idaeus (Raspberry) Fruit Extract (Rubus Idaeus Fruit Extract), Sodium Benzoate, Sodium Hydroxide, Sorbitan Isostearate, Tocopherol, Tocopheryl Glucoside, Vaccinium Myrtillus Fruit Extract, Xanthan Gum."
Formula 10.0.6,Seriously Shine Free Mattifying Oil Free Moisturizer,"Sale Price
$5.24
Original Price
$7.49",NA,"Water, Propylene Glycol, Butylene Glycol, Cetearyl Alcohol, Caprylic/Capric Triglyceride, Dimethicone, Ceteareth-20, Aluminum Starch Octenylsuccinate, Silica Silylate, Behenyl Alcohol, Phenoxyethanol, Dicetyl Phosphate, Ceteth-10 Phosphate, Salicylic Acid, Panthenol, Fragrance, Boron Nitride, Bambusa Arundinacea (Bamboo) Stem Extract, Aloe Barbadensis Leaf Juice, Maltodextrin, Sodium Hydroxide. R05-15"
Avène,Moisturizing Melt-In Balm,Online Only,NA,"Avène Thermal Spring Water (avène Aqua), Glycerin, Butyrospermum Parkii (shea) Oil (butyrospermum Parkii Oil), Caprylic/capric Triglyceride, Carthamus Tinctorius (safflower) Seed Oil (carthamus Tinctorius Seed Oil), Isopropyl Palmitate, C14-22 Alcohols, Dimethicone, Tocopheryl Acetate, Acrylates/c10-30 Alkyl Acrylate Crosspolymer, Benzoic Acid, C12-20 Alkyl Glucoside, C20-22 Alcohols, C20-22 Alkyl Phosphate, Camelina Sativa Seed Oil, Caprylyl Glycol, Fragrance (parfum), Glyceryl Stearate, Hydroxyethyl Acrylate/sodium Acryloyldimethyl Taurate Copolymer, PEG-100 Stearate, Polysorbate 60, Sodium Hydroxide, Sorbitan Isostearate, Squalane, Water (aqua), Xanthan Gum."
Dermalogica,Travel Size Prisma Protect SPF 30,"Price
$19.00",4,"Water/Aqua/Eau, Homosalate, Octocrylene, Silica, Butylene Glycol, Ethylhexyl Salicylate, Butyl Methoxydibenzoylmethane, Coconut Alkanes, Dimethicone, Glycerin, Dimethyl Capramide, Polyglyceryl-2 Stearate, VP/Eicosene Copolymer, Chlorella Vulgaris Extract, Palmitoyl Oligopeptide, Saccharide Isomerate, Zingiber Officinale (Ginger) Root Oil, Sclareolide, Tocopherol, Camellia Sinensis Leaf Extract, Tocopheryl Acetate, Coco-Caprylate/Caprate, Glyceryl Stearate SE, PEG-100 Stearate, Potassium Cetyl Phosphate, Arachidyl Alcohol, Dimethicone Crosspolymer, Behenyl Alcohol, Benzyl Alcohol, Caprylic/Capric Triglyceride, Xanthan Gum, Acrylates/C10-30 Alkyl Acrylate Crosspolymer, Arachidyl Glucoside, Ethylhexylglycerin, Methicone, Sodium Hydroxide, Trisodium Ethylenediamine Disuccinate, Citric Acid, Sodium Citrate, Caprylyl Glycol, Propanediol, Geraniol, Limonene, Citral, Polyvinyl Alcohol, Sodium Benzoate, Potassium Sorbate, 1,2-Hexanediol, Phenoxyethanol.

Dermalogica is dedicated to maintaining the accuracy of the ingredient lists on this theybsite. Hotheyver, because ingredients are subject to change, they cannot guarantee that these lists are complete, up-to-date and/or error-free. For an accurate listing of ingredients in each product, please refer to your product packaging."
Mario Badescu,The Moisture Magnet SPF 15,"Price
$24.00",NA,"Avobenzone 3%, Octinoxate 7.5%, Oxybenzone 5%.
Inactive: Aqua (Water, Eau), Butylene Glycol, Sesamum Indicum (Sesame) Seed Oil, Saccharide Isomerate, Paraffinum Liquidum (Mineral Oil, Hulle Minérale), Ethylhexyl Methoxycrylene, Glyceryl Isostearate, Cetearyl Alcohol, Tocopherol Acetate, Stearic Acid, Dimethicone, Glycerin, C10-30 Cholesterol/Lanosterol Esters, Gardenia Florida Fruit Extract, Ethylhexylglycerin, Ceteareth-20, Carbomer, Phenoxyethanol, Sodium Hydroxide, CI 17200 (Red 33), CI 60730 (Ext. Violet 2), CI 42090 (Blue 1)."
Neutrogena,Pink Grapefruit Oil-Free Acne Moisturizer,"Sale Price
$8.79
Original Price
$10.99",3.9,"Active: Salicylic Acid 0.5%. Inactive: Water, Dicaprylyl Ether, Cetearyl, Alcohol, Glycerin, Neopentyl Glycol Diethylhexanoate, Dimethicone, Methyl Gluceth-20, Aluminum Starch Octenylsuccinate, Ceteth-10 Phosphate, Dicetyl Phosphate, Steareth-20, Steareth-2, Neopentyl Glycol Diisostearate, Sodium Benzoate, Fragrance, Sodium Hydroxide, Disodium EDTA, Xanthan Gum, Magnesium Aluminum Silicate, BHT, Citrus Grandis (Grapefruit) Fruit Extract."
Oh K!,Chok Chok Glowing Moisturiser,"Sale Price
$10.50
Original Price
$15.00",4.4,NA
Hanskin,Vitamin C Glow Capsule Lotion,Only at Ulta Beauty,5,"Water, Butylene Glycol, Octyldodecyl Myristate, Hydrogenated Poly(C6-14 Olefin), Glycerin, Niacinamide, 1,2-Hexanediol, Bis-Diglyceryl Polyacyladipate-2, Cetyl Ethylexanoate, Pentylene Glycol, Polyglyceryl-3 Methylglucose Distearate, Caprylic/Capric Triglyceride, Glyceryl Stearate, Caprylyl Methicone, Cetearyl Alcohol, Hydroxyethyl Acrylate/Sodium Acryloyldimethyl Taurate Copolymer, Chlorella Vulgaris Extract, Glucose, Fructooligosaccharides, Fructose, Hydrogenated Vegetable Oil, Palmitic Acid, Carbomer, Stearic Acid, Tromethamine, Ethylhexylglycerin, Xanthan Gum, Adenosine, Gelatine, Sorbitan Isostearate, Acacia Senegal Gum, Disodium EDTA, Hippophae Rhamnoides Fruit Extract, Methylpropanedio, Tranexamic Acid, Xanthophylls, Tocopherol, Ascorbic Acid, Sodium Ascorbyl Phosphate."
Andalou Naturals,Ultra Sheer Daily Defense Facial Lotion,Online Only,4.4,"Aloe Barbadensis Juice*, Vegetable Glycerin, Helianthus Annuus (sunflower) Oil*, Glyceryl Stearate, Octyl Palmitate, Cetearyl Alcohol, Fruit Stem Cells (malus Domestsica, Solar Vitis) And Bioactive 8 Berry Complex*, Glyceryl Monolaurate, Dipotassium Glycyrrhizinate (licorice) Extract*, Magnesium Ascorbyl Phosphate (vitamin C), Resveratrol, Ubiquinone (coq10), Tocopherol (vitamin E), Laminaria Digitata (kelp) And Curcuma Longa (turmeric) Extracts, Allantoin, Epilobium Angustifolium (willow Herb) Extract, Chamomilla Recutita (chamomile) And Calendula Officinalis Extracts*, Hyaluronic Acid, Cocos Nucifera (coconut), Borago Officinalis (borage) And Rosa Canina (rosehip) Oils*, Camellia Sinensis (white Tea), Aspalathus Linearis (rooibos) And Hibiscus Sabdariffa Extracts*^, Phenethyl Alcohol, Ethylhexylglycerin, Benzyl Alcohol, Citrus Aurantium Dulcis (orange) And Citrus Tangerina (tangerine) Oils*.

non-gmo Verified *organic ^fair Trade"
Peter Thomas Roth,Vital-E Microbiome Moisture Defense Cream,"Price
$75.00",4.2,"Water/Aqua/Eau, Glycerin, Dimethicone, Methyl Trimethicone, Caprylyl Methicone, Butylene Glycol, Ceresin, Dimethicone/PEG-10/15 Crosspolymer, Lauryl PEG-9 Polydimethylsiloxyethyl Dimethicone, Astrocaryum Tucuma Seed Butter, Microcrystalline Wax, Dimethylmethoxy Chromanol, Tocopherol, Bacillus, Yeast Beta-Glucan, Acetyl Heptapeptide-4, Silybum Marianum Seed Extract, Hedychium Coronarium Root Extract, Ceramide NP, Undaria Pinnatifida Extract, Eclipta Prostrata Extract, Melia Azadirachta Leaf Extract, Moringa Oleifera Seed Oil, Inulin, Sodium PCA, Phenoxyethanol, Potassium Sorbate, Mannitol, Cellulose, Dipropylene Glycol, Sodium Benzoate, Sodium Citrate, Hydroxypropyl Methylcellulose, Caprylyl Glycol, Paraffin, Mica."
Garnier,SkinActive Moisture Rescue Refreshing Gel-Cream,"Sale Price
$6.29
Original Price
$8.99",4.4,"Aqua/Water, Glycerin, Alcohol Denat., Dimethicone, Isononyl Isononanoate, Carbomer, Dimethiconol, Chlorphenesin, Caprylyl Glycol, Sodium Hydroxide, Vitis Vinifera Extract/Grapefruit Extract, Xanthan Gum, Tetrasodium EDTA, Tocopheryl Acetate, Ascorbyl Glucoside, Menthoxypropanediol, Magnesium Gluconate, Sodium Citrate, Benzyl Salicylate, Linalool, Calcium Gluconate, Biosaccharide Gum-1, Hydroxyisohexyl 3-Cyclohexene Carboxaldehyde, Butylphenyl Methylpropional, CI 19140/Yellow 5, CI 42090/Blue 1, Parfum/Fragrance, Phenoxyethanol."
Origins,GinZing Glow-Boosting Gel Moisturizer,"Price
$32.00",4,"Water\Aqua\Eau, Butylene Glycol, Dicaprylyl Carbonate, Glycerin, Panax Ginseng (Ginseng) Root Extract, Citrus Grandis (Grapefruit) Peel Oil*, Citrus Limon (Lemon) Peel Oil*, Citrus Aurantium Dulcis (Orange) Peel Oil*, Mentha Viridis, (Spearmint) Leaf Oil*, Citral, Limonene, Linalool, Squalane, Butyrospermum Parkii (Shea) Buer, Cucumis Sativus (Cucumber) Fruit Extract, Simmondsia Chinensis (Jojoba) Butter, Sodium Hyaluronate, Helianthus Annuus (Sunflower) Seed Extract, Sodium Pca, Caffeine, Tocopheryl Acetate, Linoleic Acid, Hordeum Vulgare (Barley) Extract\Extrait D¿orge, Caprylyl Glycol, Trehalose, Carbomer, Ammonium Acryloyldimethyltaurate/Vp Copolymer, Sodium Hydroxide, Hydroxyacetophenone, Phenoxyethanol, Mica, Titanium Dioxide (Ci 77891), Iron Oxides (Ci 77491), Iron Oxides (Ci 77492) *Essential Oil / *Huile Essentielle.

Please be aware that ingredient lists may change or vary from time to time. Please refer to the ingredient list on the product package you receive for the most up to date list of ingredients."
Lancôme,Bienfait Multi-Vital Eye Sunscreen Broad Spectrum SPF 30,"Price
$45.00",3.9,"This item is not eligible for coupon discounts. See
Opens in a new window
ulta.com/coupons for details."
Skinfood,Peach Jelly Soothing Gel 90,Online Only,4.5,"Prunus Persica (Peach) Fruit Extract, Glycerin, Water, Acrylates/C10-30, Alkyl Acrylate Crosspolymer, Potassium Hydroxide, Peg-60 Hydrogenated Castor Oil, Betaine, Ethylhexylglycerin, Fragrance, Disodium Edta, Phenoxyethanol, Xanthan Gum, Portulaca Oleracea Extract, Hamamelis Virginiana (Witch Hazel) Extract, Sodium Hyaluronate, Beta-Glucan, Citrus, Paradisi (Grapefruit) Fruit Extract, Hydroxyethyl Acrylate/Sodium Acryloyldimethyl Taurate Copolymer, Chamomilla Recutita (Matricaria) Extract, >Aloe Barbadensis Leaf Extract, Origanum Majorana Leaf Extract, Achillea Millefolium Extract, Alchemilla Vulgaris Extract, Gnaphalium Leontopodium Flower Extract, Malva Sylvestris (Mallow) Flower Extract, Hizikia Fusiforme Extract, Sorbitan Isostearate, Polysorbate 60."
ACURE,Seriously Soothing Cloud Cream,"Sale Price
$13.29
Original Price
$18.99",4.2,"Water (Aqua), Persea Gratissima (Avocado) Oil, Prunus Armeniaca (Apricot) Kernel Oil, Glyceryl Stearate Citrate, Glycerin, Glyceryl Stearate, Prunus Amygdalus Dulcis (Sweet Almond) Oil, Cetyl Alcohol, Glyceryl Laurate, Simmondsia Chinensis (Jojoba) Seed Oil, Glyceryl Undecylenate, Oenothera Biennis (Evening Primrose) Oil, Carthamus Tinctorius (Safflower) Seed Oil, Potassium Sorbate, Xanthan Gum, Olea Europaea (Olive) Fruit Oil, Sodium Levulinate, Citric Acid, Helianthus Annuus (Sunflower) Seed Oil, Sodium Phytate, Tocopherol, Hypericum Perforatum Oil, Anthemis Nobilis Flower Water, Aspalathus Linearis (Rooibos) Leaf Extract*, Calendula Officinalis (Calendula) Flower Extract*, Chamomilla Recutita (Matricaria) Flower Extract*, Euterpe Oleracea (Açaí) Fruit Extract*, Punica Granatum (Pomegranate) Extract*, Rosa Canina (Rosehips) Fruit Extract*, Rubus Fruticosus (Blackberry) Fruit Extract*, Argania Spinosa (Argan) Kernel Oil*, Isomalt, Alcohol, Gardenia Jasminoides Meristem (Gardenia) Cell Culture, Echinacea Angustifolia Extract, Marrubium Vulgare Meristem Cell Culture, Chlorella Vulgaris Extract, Phospholipids, Leuconostoc/Radish Root Ferment Filtrate, Hyaluronic Acid, Argania Spinosa (Argan) Callus Culture Extract, Lecithin, Ubiquinone (Coq10), Sodium Benzoate.

*Organic Ingredient"
Dr. Brandt,Hyaluronic Facial Cream,"Price
$72.00",4.6,"Water/Aqua/Eau, Butyrospermum Parkii (Shea) Butter, Polymethyl Methacrylate, Dimethicone/Vinyl Dimethicone Crosspolymer, Sodium Acrylates Copolymer, Dimethylsilanol Hyaluronate, Phospholipids, Phenoxyethanol, Lecithin, Methylpropanediol, Xanthan Gum, Trehalose, Caprylyl Glycol, Chlorphenesin, Hyaluronic Acid, Silanetriol, Sodium Hyaluronate, Tocopherol, Silanediol Salicylate, Propanediol, Disodium Edta, Ethylhexylglycerin, Peg-40 Stearate, Silica, Tromethamine, Helianthus Annuus (Sunflower) Seed Oil, Isoceteth-10, Ornithine, Betaine, Diethylhexyl Adipate, Glycolic Acid, Lactic Acid, Palmitoyl Oligopeptide, Ricinus Communis (Castor) Seed Oil, Anthemis Nobilis Flower Oil, C10-18 Triglycerides, Olea Europaea (Olive) Fruit Oil, Polyvinyl Alcohol, Methylsilanol Hydroxyproline Aspartate, Centella Asiatica Extract, Glycolipids, Pentylene Glycol, Glycerin, Salicylic Acid, Potassium Sorbate, Lavandula Angustifolia (Lavender) Flower Oil, Levulinic Acid, P-Anisic Acid, Sodium Hydroxide, Hydrolyzed Wheat Protein, Glyceryl Caprylate, Decapeptide-22, Oligopeptide-78, Palmitoyl Decapeptide-21, Phenylpropanol, Zinc Palmitoyl Nonapeptide-14, Linalool."
Juice Beauty,Prebiotix Hydrating Gel Moisturizer,"Price
$52.00",4.2,"Aloe Barbadensis (Organic Aloe Juice/Jus D¿aloès Bio)*, Pyrus Malus (Organic Apple Juice/Jus De Pomme Bio)*, Vitis Vinifera (Organic White Grape Juice/Jus De Raisin Blanc Bio)*, Glycerin (Organic/Bio)*, Olus Oil¿, Sodium PCA¿, Lactobacillus Ferment, Oryza Sativa (Organic Rice Bran Extract/Extrait De Son De Riz Bio)*, Bentonite, Coconut Alkanes, Simmondsia Chinensis (Jojoba Seed Oil/Huile De Graines De Jojoba), Sodium Hyaluronate¿, Glyceryl Stearate SE, Lactobacillus/Dipteryx Odorata (Kumaru Seed Ferment Filtrate/Graine De Kumaru Fermentée Filtrée), Hydrolyzed Viola Tricolor Extract, Butyrospermum Parkii (Organic Shea Butter/Beurre De Karate Bio)*, Cocos Nucifera (Organic Coconut Oil/Huile De Noix De Coco Bio)*, Lactobacillus, Cocos Nucifera (Coconut Fruit Extract/Extrait De Noix De Coco), Lactobacillus Ferment Lysate, Salvia Hispanica (Chia Extract/Extrait De Chia), Lactobacillus/Arundinaria Gigantea (Bamboo Leaf Ferment Filtrate/Feuille De Bambou Fermentée Filtrée), Opuntia Ficus-Indica (Prickly Pear Stem Extract/Extrait De Cactus Nopal), Hydrolyzed Linseed Extract, Propanediol¿, Xanthan Gum, Carrageenan, Biosaccharide Gum-1, Coco-Caprylate/Caprate, Sodium Lauroyl Lactylate¿, Hydrogenated Lecithin, Panthenol (Vitamin B5), Potassium Sorbate, Melia Azadirachta Leaf Extract, Solanum Melongena (Eggplant Fruit Extract/Extrait D¿aubergine), Ocimum Basilicum (Basil Flower Extract/Extrait De Fleurs De Basilic), Curcuma Longa (Turmeric Root Extract/Extrait De Racine De Curcuma), Citric Acid, Bismuth Chloride Oxide, Lavandula Angustifolia Extract, Triethyl Citrate¿, Citrus Aurantium Dulcis (Orange Peel Oil/Huile De Peau D¿orange), Juniperus Virginiana (Juniper Oil), Salvia Sclarea (Clary Sage Oil).
*Certified Organic Ingredient / Ingrediént Certifié Bio
¿Plant Derived / Origine Végétale"
Garnier,SkinActive Water Rose 24H Moisture Cream,"Sale Price
$10.49
Original Price
$14.99",4.7,"Aqua/Water, Glycerin, Dimethicone, Cetearyl, Ethylhexanoate,Alcohol Denat, Rosa Damascena Flower Water, Ammonium Polyacryloyldimenthyl, Taurate, Hydroxyethylpiperazine Ethane Sulfonic Acid, Phenoxyethanol, Caprylyl Glycol, Isopropyl Myristate, Ascorbyl Glucoside, Parfum/Fragrance, Dimethiconol, Propanediol, Sodium Hyaluronate, Xanthan Gum, Disodium Edta, Arginine, Sodium Hydroxide, Citric Acid, Salicyclic Acid."
ArtNaturals LUXE,Hydrating Moisturizer,Only at Ulta Beauty,4.8,"DI Water, Cetyl Ethylhexanoate, Glycerin, Propanediol, Diheptyl Succinate, Capryloyl Glycerin/Sebacic Acid CopolymerXylitylglucoside, Anhydroxylitol, Xylitol, Glyceryl Stearate, Cetearyl Olivate, Sorbitan Olivate, Cetearyl Alcohol, Pentylene Glycol, Sodium Lactate , Lactic Acid, Serine, Urea, Sorbitol, Sodium Chloride, Allantoin, Phenoxyethanol, Ethylhexylglycerin, Cetyl Alcohol, Xanthun Gum, Sodium Phytate, Camellia Sinensis Leaf Extract, Geranium Maculatum Oil."
NUDESTIX,NUDESKIN Citrus-C Mask & Daily Moisturizer,Online Only,4.6,"Water (Aqua), Glycerin, Propanediol, Dipropylene Glycol, Hydrogenated Poly(C6-14 Olefin), Diisostearyl Malate, Hydrogenated Polydecene, Caprylic/Capric Triglyceride, 1,2-Hexanediol, C14-22 Alcohols, Hydrogenated Polyisobutene, Citrus Junos Seed Oil, Glyceryl Stearate, Sodium Acrylate/Sodium Acryloyldimethyl Taurate Copolymer, C12-20 Alkyl Glucoside, C12-16 Alcohols, Isohexadecane, Acrylates/C10-30 Alkyl Acrylate Crosspolymer, Ammonium Acryloyldimethyltaurate/Vp Copolymer, Citrus Aurantium Bergamia (Bergamot) Fruit Oil, Tromethamine, Hydrogenated Lecithin, Palmitic Acid, Xanthan Gum, Tocopheryl Acetate, Polysorbate 80, Melia Azadirachta Leaf Extract, Melia Azadirachta Flower Extract, Curcuma Longa (Turmeric) Root Extract, Sorbitan Oleate, Ocimum Sanctum Leaf Extract, Glucose, Corallina Officinalis Extract, Tocopherol, Limonene, Linalool. Natural Constituent Of Essential Oils Listed."
belif,Problem Solution Moisturizer,"Price
$38.00",4.4,"Water, Glycerin, Glyceryl Stearate, Cetyl Ethylhexanoate, 1,2-Hexanediol, PEG-40 Stearate, Melaleuca Alternifolia (Tea Tree) Leaf Oil, Calendula Officinalis Flower Extract*, Nepeta Cataria Extract*, Avena Sativa (Oat) Kernel Extract*, Rubus Idaeus (Raspberry) Leaf Extract*, Stellaria Media (Chickweed) Extract*, Baptisia Tinctoria Root Extract*, Echinacea Angustifolia Extract+, Arctium Lappa Root Extract+, Lavandula Angustifolia (Lavender) Flower Extract+, Rosmarinus Officinalis (Rosemary) Leaf Extract+, Glycine Soja (Soybean) Sprout Extract, Magnolia Kobus Bark Extract, Centella Asiatica Extract, Polygonum Cuspidatum Root Extract, Scutellaria Baicalensis Root Extract, Glycyrrhiza Glabra (Licorice) Root Extract, Camellia Sinensis Leaf Extract, Chamomilla Recutita (Matricaria) Flower Extract, Cetearyl Alcohol, Squalane, Triethylhexanoin, Panthenol, Dimethicone, Sorbitan Stearate, Butylene Glycol, Tromethamine, Betaine, Carbomer, Acrylates/C10-30 Alkyl Acrylate Crosspolymer, Glyceryl Acrylate/Acrylic Acid Copolymer, Trisodium EDTA, Citrus Aurantium Bergamia (Bergamot) Fruit Oil, Eucalyptus Globulus Leaf Oil, Rosmarinus Officinalis (Rosemary) Leaf Oil, Fragrance**, Citronellol, Limonene, Linalool."
boscia,Chia Seed Moisture Cream,"Price
$38.00",4.5,"Water/Aqua/Eau, Glycerin, Butyrospermum Parkii (Shea) Butter, Cetyl Alcohol, Simmondsia Chinensis (Jojoba) Seed Oil, C10-18 Triglycerides, Glyceryl Stearate Citrate, C15-19 Alkane, Salvia Hispanica Seed Oil, Sambucus Nigra Fruit Juice, Sodium PCA, Sodium Hyaluronate, Simmondsia Chinensis (Jojoba) Seed Extract, Epilobium Angustifolium Flower/Leaf/Stem Extract, 1,2- Hexanediol, Caprylyl Glycol, Hydroxyacetophenone, Hydrogenated Lecithin, Lecithin, Butylene Glycol, Xanthan Gum, Carbomer, Ethanol, Polyglyceryl-3 Stearate, Sodium Hydroxide.

Please refer to the ingredient list shown on your product for the most up-to-date information."
